Standard_Name_Suggestion,Aliases_Found,last
2023中国物业服务市场化运营领先企业,2023中国住宅物业服务领先企业 | 2023中国公众物业服务领先企业 | 2023中国写字楼物业服务领先企业 | 2023中国医院物业服务领先企业 | 2023中国品质物业服务领先企业 | 2023中国商业物业服务领先企业 | 2023中国学校物业服务领先企业 | 2023中国智慧物业服务领先企业 | 2023中国物业城市服务领先企业 | 2023中国物业增值服务运营领先企业 | 2023中国物业服务成长性领先企业,2023中国物业服务市场化运营领先企业
2025年第二季度末公募机构非货规模第41位-50位,2025年二季度末公募机构非货规模前十名 | 2025年第二季度末公募机构非货规模第11位-20位 | 2025年第二季度末公募机构非货规模第21位-30位 | 2025年第二季度末公募机构非货规模第31位-40位,2025年第二季度末公募机构非货规模50强
2025中国药品研发综合实力排行榜TOP100,2025中国化药研发实力TOP50 | 2025中国生物药研发实力排行榜TOP50 | 2025中国药品研发综合实力TOP100,2025中国药品研发综合实力排行榜TOP100
2022中国房地产百强企业榜,2025 中国房地产百强企业 | 中国房地产百强企业榜单,中国房地产百强企业榜单
2025 福布斯中国人工智能科技企业 TOP 50 评选,2025 福布斯中国人工智能科技企业 TOP 50 | 2025福布斯中国人工智能科技企业TOP50,2025 福布斯中国人工智能科技企业 TOP 50 评选
2023中国产业园区物业服务领先企业,2023中国交通枢纽物业服务领先企业 | 2023中国行政办公物业服务领先企业,2023中国产业园区物业服务领先企业
2025 全球汽车零部件配套供应商百强榜,2025全球汽车零部件配套供应商百强榜,2025 全球汽车零部件配套供应商百强榜
2019年（第18届）中国软件业务收入前百家企业,2018年（第17届）中国软件业务收入前百家企业,中国软件业务收入前百家企业
2023中国物业服务企业综合实力500强,中国物业服务企业综合实力500强,中国物业服务企业综合实力500强
2025 《财富》中国 500 强排行榜,2025年《财富》中国500强排行榜,2025 《财富》中国 500 强排行榜
2025中国金融科技竞争力TOP100,中国金融科技竞争力TOP100,中国金融科技竞争力TOP100
2023中国VR50强企业,2024VR50强企业,中国VR50强企业
2024年中国银行业前100名单,中国银行业100强榜单,中国银行业100强榜单
2025全球资管500强,2022全球资管500强,全球资管500强
财富世界500强,世界500强,世界500强
