"标签名","公司名"
地产百强,海尔产业发展有限公司
地产百强,上坤地产集团有限公司
地产百强,香港恒泰集团公司
地产百强,山东儒辰控股集团有限公司
地产百强,实地地产集团有限公司
地产百强,复地(集团)股份有限公司
地产百强,上海景瑞地产(集团)有限公司
地产百强,中冶置地集团有限公司
地产百强,桂林彰泰实业集团有限公司
地产百强,厦门大唐房地产集团有限公司
地产百强,郑州康桥房地产开发有限责任公司
地产百强,佳兆业集团控股有限公司
地产百强,中天城投集团股份有限公司
地产百强,力高集团(香港)有限公司
地产百强,星河湾地产控股有限公司
地产百强,当代置业(中国)有限公司
地产百强,重庆东原房地产开发有限公司
地产百强,河南正商企业发展集团有限责任公司
地产百强,上海红星美凯龙地产有限公司
地产百强,三盛集团有限公司
地产百强,花样年控股集团有限公司
地产百强,中国电建地产集团有限公司
地产百强,敏捷集团有限公司
地产百强,隆基泰和置业有限公司
地产百强,路劲地产集团有限公司
地产百强,首创置业有限公司
地产百强,四川新希望地产开发有限公司
地产百强,北京金隅集团股份有限公司
地产百强,大悦城集团股份有限公司
地产百强,合景泰富集团控股有限公司
地产百强,中骏集团控股有限公司
地产百强,海伦堡中国控股有限公司
地产百强,金辉集团股份有限公司
地产百强,新力控股(集团)有限公司
地产百强,时代中国控股有限公司
地产百强,祥生控股(集团)有限公司
地产百强,建业地产股份有限公司
地产百强,中国奥园集团股份有限公司
地产百强,佳兆业集团控股
地产百强,美的置业集团有限公司
地产百强,中梁控股有限责任公司
地产百强,正荣地产集团有限公司
地产百强,建发房地产集团有限公司
地产百强,龙光集团有限公司
地产百强,重庆市金科实业(集团)有限公司
地产百强,中国金茂控股有限公司
地产百强,旭辉集团股份有限公司
地产百强,龙湖集团控股有限公司
地产百强,招商蛇口工业区控股股份有限公司
地产百强,世茂集团控股有限公司
地产百强,保利发展控股集团股份有限公司
地产百强,中国恒大集团有限公司
地产百强,融信(福建)投资集团有限公司
地产百强,中南控股集团有限公司
地产百强,朗诗集团股份有限公司
地产百强,宝龙地产控股有限公司
地产百强,阳光城集团股份有限公司
地产百强,合生创展集团有限公司
地产百强,华夏幸福基业股份有限公司
地产百强,珠海华发实业股份有限公司
地产百强,融创中国控股有限公司
地产百强,万科企业股份有限公司
地产百强,金地(集团)股份有限公司
地产百强,融侨集团股份有限公司
地产百强,广东珠江投资股份有限公司
地产百强,荣盛房地产发展股份有限公司
地产百强,卓越置业集团有限公司
地产百强,阳光大地置业集团有限公司
地产百强,德信控股集团有限公司
地产百强,俊发地产有限责任公司
地产百强,广州富力地产股份有限公司
地产百强,重庆华宇集团有限公司
地产百强,杭州滨江房产集团股份有限公司
地产百强,万达控股集团有限公司
地产百强,领地集团股份有限公司
地产百强,中昂地产(集团)有限公司
地产百强,金融街控股股份有限公司
地产百强,华侨城集团有限公司
地产百强,石榴置业集团有限公司
地产百强,华鸿嘉信控股集团有限公司
地产百强,泰禾集团股份有限公司
地产百强,大华(集团)有限公司
地产百强,华润置地有限公司
地产百强,中海地产集团有限公司
地产百强,中交房地产集团有限公司
地产百强,联发集团有限公司
地产百强,仁恒置地集团
地产百强,弘阳集团有限公司
地产百强,碧桂园控股有限公司
地产百强,雅居乐集团控股有限公司
地产百强,远洋集团控股有限公司
地产百强,北京首都开发股份有限公司
地产百强,绿城中国控股有限公司
地产百强,新城发展控股有限公司
地产百强,保利置业集团有限公司
地产百强,四川蓝光发展股份有限公司
地产百强,越秀地产股份有限公司
地产百强,厦门禹洲集团股份有限公司
地产百强,绿地控股集团股份有限公司
地产百强,中国铁建股份有限公司
世界500强,上海景瑞地产(集团)有限公司
世界500强,中国恒大集团有限公司
世界500强,绿地控股集团有限公司
世界500强,新华人寿保险股份有限公司
世界500强,北京爱奇艺科技有限公司
世界500强,浙江吉利控股集团有限公司
世界500强,中国民生银行股份有限公司
世界500强,北京京东世纪贸易有限公司
世界500强,北京字节跳动科技有限公司
世界500强,华为技术有限公司
世界500强,中国平安保险(集团)股份有限公司
世界500强,兴业银行股份有限公司
世界500强,中国中化集团公司
世界500强,联想集团有限公司
世界500强,万科企业股份有限公司
世界500强,艾伯维
世界500强,中国中信集团有限公司
世界500强,普利司通
世界500强,中国建设银行股份有限公司
世界500强,Uber
世界500强,百威英博
世界500强,采埃孚
世界500强,辉瑞制药有限公司
世界500强,上海浦东发展银行股份有限公司
世界500强,埃森哲
世界500强,中国太平洋保险(集团)股份有限公司
世界500强,现代汽车
世界500强,厦门建发集团有限公司
世界500强,中国华信能源有限公司
世界500强,厦门国贸控股集团有限公司
世界500强,索迪斯
世界500强,麦当劳
世界500强,印度国家银行
世界500强,施耐德电气
世界500强,天津物产集团有限公司
世界500强,拜耳集团
世界500强,甲骨文(中国)软件系统有限公司
世界500强,中国人寿保险股份有限公司
世界500强,乐天百货
世界500强,达能
世界500强,沃尔沃集团
世界500强,西门子
世界500强,安联保险集团有限公司
世界500强,韩华集团有限公司
世界500强,新疆广汇实业投资(集团)有限责任公司
世界500强,上海汽车集团股份有限公司
世界500强,阿里巴巴集团控股有限公司
世界500强,中国建筑股份有限公司
世界500强,宝洁公司
世界500强,中粮集团有限公司
世界500强,阿斯利康
世界500强,佳能
世界500强,中国航空工业集团公司
世界500强,卡特彼勒
世界500强,家乐福
世界500强,微软(中国)有限公司
世界500强,北京三快科技有限公司
世界500强,招商银行股份有限公司
世界500强,小米科技有限责任公司
世界500强,美国银行
世界500强,沃尔玛
世界500强,国家电网公司
世界500强,中国石油化工集团公司
世界500强,中国石油天然气集团公司
世界500强,丰田汽车公司
世界500强,大众公司
世界500强,荷兰皇家壳牌石油公司
世界500强,伯克希尔-哈撒韦公司
世界500强,苹果公司
世界500强,埃克森美孚
世界500强,麦克森公司
世界500强,英国石油公司
世界500强,联合健康集团
世界500强,CVSHealth公司
世界500强,三星电子
世界500强,嘉能可
世界500强,戴姆勒股份公司
世界500强,通用汽车公司
世界500强,美国电话电报公司
世界500强,EXOR集团
世界500强,福特汽车公司
世界500强,中国工商银行股份有限公司
世界500强,美源伯根公司
世界500强,安盛
世界500强,亚马逊
世界500强,鸿海精密工业股份有限公司
世界500强,本田汽车
世界500强,道达尔公司
世界500强,通用电气公司
世界500强,威瑞森电信
世界500强,日本邮政控股公司
世界500强,康德乐
世界500强,好市多
世界500强,沃博联
世界500强,中国农业银行股份有限公司
世界500强,克罗格
世界500强,中国银行股份有限公司
世界500强,法国巴黎银行
世界500强,日产汽车
世界500强,雪佛龙
世界500强,房利美
世界500强,中国移动通信集团公司
世界500强,摩根大通公司
世界500强,英国法通保险公司
世界500强,日本电报电话公司
世界500强,宝马集团
世界500强,美国快捷药方控股公司
世界500强,托克集团
世界500强,中国铁路工程总公司
世界500强,英国保诚集团
世界500强,意大利忠利保险公司
世界500强,中国铁道建筑总公司
世界500强,家得宝
世界500强,波音
世界500强,美国富国银行
世界500强,俄罗斯天然气工业股份公司
世界500强,雀巢公司
世界500强,Alphabet公司
世界500强,东风汽车集团股份有限公司
世界500强,微软
世界500强,Anthem公司
世界500强,日立
世界500强,软银集团
世界500强,西班牙国家银行
世界500强,花旗集团
世界500强,巴西国家石油公司
世界500强,博世公司
世界500强,德国电信
世界500强,美国康卡斯特电信公司
世界500强,法国农业信贷银行
世界500强,国际商业机器公司
世界500强,法国电力公司
世界500强,华为投资控股有限公司
世界500强,意大利国家电力公司
世界500强,州立农业保险公司
世界500强,中国华润总公司
世界500强,日本永旺集团
世界500强,汇丰银行控股公司
世界500强,太平洋建设集团
世界500强,英杰华集团
世界500强,Uniper公司
世界500强,乐购
世界500强,Engie集团
世界500强,空中客车集团
世界500强,SK集团
世界500强,Phillips66公司
世界500强,强生
世界500强,美国邮政
世界500强,中国南方电网有限责任公司
世界500强,中国南方工业集团公司
世界500强,卢克石油公司
世界500强,中国交通建设集团有限公司
世界500强,法国BPCE银行集团
世界500强,索尼
世界500强,瓦莱罗能源公司
世界500强,塔吉特公司
世界500强,法国兴业银行
世界500强,慕尼黑再保险公司
世界500强,松下
世界500强,日本生命保险公司
世界500强,苏黎世保险集团
世界500强,伊塔乌联合银行控股公司
世界500强,中国人民保险集团股份有限公司
世界500强,中国海洋石油总公司
世界500强,丸红株式会社
世界500强,德国邮政
世界500强,房地美
世界500强,中国邮政集团公司
世界500强,中国五矿集团公司
世界500强,英国劳埃德银行集团
世界500强,美国劳氏公司
世界500强,麦德龙
世界500强,戴尔科技公司
世界500强,中国第一汽车集团公司
世界500强,巴斯夫公司
世界500强,JXTG控股有限公司
世界500强,大都会人寿
世界500强,安泰保险
世界500强,百事公司
世界500强,埃尼石油公司
世界500强,中国电信集团公司
世界500强,ADM公司
世界500强,中国兵器工业集团公司
世界500强,北京汽车集团
世界500强,联合包裹速递服务公司
世界500强,安邦保险集团
世界500强,标致
世界500强,艾伯森公司
世界500强,第一生命控股有限公司
世界500强,英特尔公司
世界500强,三菱商事株式会社
世界500强,欧尚集团
世界500强,荷兰全球保险集团
世界500强,保德信金融集团
世界500强,沃达丰集团
世界500强,联合利华
世界500强,巴西银行
世界500强,墨西哥石油公司
世界500强,西班牙电话公司
世界500强,巴西布拉德斯科银行
世界500强,联合技术公司
世界500强,安赛乐米塔尔
世界500强,雷诺
世界500强,俄罗斯石油公司
世界500强,山东魏桥创业集团有限公司
世界500强,马拉松原油公司
世界500强,华特迪士尼公司
世界500强,荷兰国际集团
世界500强,三菱日联金融集团
世界500强,皇家阿霍德德尔海兹集团
世界500强,哈门那公司
世界500强,Seven&I控股公司
世界500强,印度石油公司
世界500强,瑞士罗氏公司
世界500强,海航集团
世界500强,交通银行股份有限公司
世界500强,美国国际集团
世界500强,美洲电信
世界500强,韩国电力公司
世界500强,洛克希德-马丁
世界500强,西斯科公司
世界500强,联邦快递
世界500强,慧与公司
世界500强,路易达孚集团
世界500强,正威国际集团
世界500强,马来西亚国家石油公司
世界500强,东京电力公司
世界500强,诺华公司
世界500强,思科公司
世界500强,MS&AD保险集团控股有限公司
世界500强,德意志银行
世界500强,中国电力建设集团有限公司
世界500强,巴西JBS公司
世界500强,泰国国家石油有限公司
世界500强,东京海上日动火灾保险公司
世界500强,惠普公司
世界500强,莱茵集团
世界500强,陶氏化学
世界500强,Finatis公司
世界500强,西农
世界500强,中国医药集团
世界500强,法国国家人寿保险公司
世界500强,LG电子
世界500强,日本三井住友金融集团
世界500强,信实工业公司
世界500强,中国宝武钢铁集团
世界500强,来宝集团
世界500强,挪威国家石油公司
世界500强,韩国浦项制铁公司
世界500强,起亚汽车
世界500强,Orange公司
世界500强,中国化工集团公司
世界500强,德国联邦铁路公司
世界500强,德国大陆集团
世界500强,HCA公司
世界500强,日本伊藤忠商事株式会社
世界500强,澳大利亚伍尔沃斯公司
世界500强,日本KDDI电信公司
世界500强,瑞士再保险股份有限公司
世界500强,河钢集团
世界500强,西班牙对外银行
世界500强,蒂森克虏伯
世界500强,圣戈班集团
世界500强,万喜集团
世界500强,新日铁住金
世界500强,邦吉公司
世界500强,意昂集团
世界500强,俄罗斯联邦储蓄银行
世界500强,中国船舶重工集团公司
世界500强,迪奥
世界500强,可口可乐公司
世界500强,电装公司
世界500强,富士通
世界500强,广州汽车工业集团
世界500强,丰益国际
世界500强,赛诺菲
世界500强,中国联合网络通信股份有限公司
世界500强,住友生命保险公司
世界500强,美国纽约人寿保险公司
世界500强,Centene公司
世界500强,印度塔塔汽车公司
世界500强,中国铝业股份有限公司
世界500强,三井物产株式会社
世界500强,宏利金融
世界500强,美国航空集团
世界500强,美国全国保险公司
世界500强,默沙东
世界500强,信诺
世界500强,达美航空
世界500强,百思买
世界500强,中国建材集团
世界500强,霍尼韦尔国际公司
世界500强,三菱电机股份有限公司
世界500强,美国利宝互助保险集团
世界500强,加拿大鲍尔集团
世界500强,摩根士丹利
世界500强,恒力集团
世界500强,南苏格兰电力
世界500强,万通互惠理财
世界500强,高盛
世界500强,江森自控国际公司
世界500强,英国葛兰素史克公司
世界500强,中国华能集团公司
世界500强,EnergyTransferEquity公司
世界500强,神华集团
世界500强,美国教师退休基金会
世界500强,怡和集团
世界500强,甲骨文公司
世界500强,西班牙ACS集团
世界500强,住友商事
世界500强,泰森食品
世界500强,巴克莱
世界500强,意大利邮政集团
世界500强,英国森特理克集团
世界500强,美国联合大陆控股有限公司
世界500强,好事达
世界500强,印尼国家石油公司
世界500强,麦格纳国际
世界500强,瑞银集团
世界500强,意大利联合圣保罗银行
世界500强,加拿大乔治威斯顿公司
世界500强,日本三菱重工业股份有限公司
世界500强,RajeshExports公司
世界500强,和硕联合科技股份有限公司
世界500强,日本明治安田生命保险公司
世界500强,马士基集团
世界500强,沙特基础工业公司
世界500强,法国布伊格集团
世界500强,Talanx公司
世界500强,汉莎集团
世界500强,加拿大皇家银行
世界500强,雷普索尔公司
世界500强,大众超级市场公司
世界500强,德国艾德卡公司
世界500强,森宝利
世界500强,AlimentationCouche-Tard公司
世界500强,中国能源建设集团有限公司
世界500强,韩国现代重工集团
世界500强,瑞士ABB集团
世界500强,美国运通公司
世界500强,力拓集团
世界500强,SNCFMobilités公司
世界500强,中国中车股份有限公司
世界500强,长江和记实业有限公司
世界500强,冀中能源集团
世界500强,TJX公司
世界500强,新兴际华集团
世界500强,现代摩比斯公司
世界500强,爱信精机
世界500强,来德爱
世界500强,陕西延长石油(集团)有限责任公司
世界500强,德国中央合作银行
世界500强,联合信贷集团
世界500强,中国光大集团
世界500强,大和房建
世界500强,耐克公司
世界500强,Iberdrola公司
世界500强,澳洲联邦银行
世界500强,中国机械工业集团有限公司
世界500强,费森尤斯集团
世界500强,中国航天科技集团公司
世界500强,陕西煤业化工集团
世界500强,江西铜业集团公司
世界500强,损保控股有限公司
世界500强,中国保利集团
世界500强,安达保险公司
世界500强,Exelon公司
世界500强,通用动力
世界500强,英国电信集团
世界500强,物产中大集团股份有限公司
世界500强,三菱化学控股
世界500强,必和必拓
世界500强,多伦多道明银行
世界500强,斯巴鲁公司
世界500强,瑞士信贷
世界500强,中国航天科工集团公司
世界500强,日本钢铁工程控股公司
世界500强,日本瑞穗金融集团
世界500强,GileadSciences公司
世界500强,CHS公司
世界500强,巴拉特石油公司
世界500强,"3M公司"
世界500强,中国电子信息产业集团有限公司
世界500强,CRH公司
世界500强,中国船舶工业集团公司
世界500强,江苏沙钢集团
世界500强,中国远洋海运集团有限公司
世界500强,马自达汽车株式会社
世界500强,国家电力投资集团公司
世界500强,台积电
世界500强,巴西淡水河谷公司
世界500强,时代华纳
世界500强,山东能源集团有限公司
世界500强,铃木汽车
世界500强,利安德巴塞尔工业公司
世界500强,荷兰皇家飞利浦公司
世界500强,特许通讯公司
世界500强,美敦力公司
世界500强,西北互助人寿保险公司
世界500强,欧莱雅(中国)有限公司
世界500强,大连万达集团
世界500强,Medipal控股公司
世界500强,中国华电集团公司
世界500强,友邦保险
世界500强,印度斯坦石油公司
世界500强,Migros集团
世界500强,法国航空-荷兰皇家航空集团
世界500强,金巴斯集团
世界500强,斯伦贝谢公司
世界500强,关西电力
世界500强,广达电脑
世界500强,西太平洋银行
世界500强,Coop集团
世界500强,Facebook公司
世界500强,TravelersCos.公司
世界500强,第一资本金融公司
世界500强,二十一世纪福克斯
世界500强,中国国电集团公司
世界500强,LafargeHolcim公司
世界500强,中国电子科技集团公司
世界500强,联合服务汽车协会
世界500强,全球燃料服务公司
世界500强,PHOENIXPHARMAHANDEL公司
世界500强,法国威立雅环境集团
世界500强,澳大利亚国民银行
世界500强,菲利普-莫里斯国际公司
世界500强,迪尔公司
世界500强,东日本旅客铁道株式会社
世界500强,Achmea公司
世界500强,卡夫亨氏公司
世界500强,国泰人寿保险股份有限公司
世界500强,TechData公司
世界500强,三星人寿保险
世界500强,安富利公司
世界500强,诺基亚
世界500强,Enbridge公司
世界500强,西班牙天然气公司
世界500强,澳新银行集团
世界500强,爱立信公司
世界500强,住友电工
世界500强,亿滋国际
世界500强,英国耆卫保险公司
世界500强,日本出光兴产株式会社
世界500强,加拿大丰业银行
世界500强,梅西百货
世界500强,曼福集团
世界500强,法国邮政
世界500强,Inditex公司
世界500强,大同煤矿集团有限责任公司
世界500强,英国标准人寿保险公司
世界500强,山西焦煤集团有限责任公司
世界500强,德科集团
世界500强,国际航空集团
世界500强,日本电气公司
世界500强,杜邦公司
世界500强,中国航空油料集团公司
世界500强,美国诺斯洛普格拉曼公司
世界500强,布鲁克菲尔德资产管理公司
世界500强,委内瑞拉商业金融服务公司
世界500强,SAP公司
世界500强,康菲石油公司
世界500强,山西阳泉煤业(集团)有限责任公司
世界500强,三星C&T公司
世界500强,潞安集团
世界500强,雷神公司
世界500强,美的集团股份有限公司
世界500强,日本中部电力
世界500强,BAE系统公司
世界500强,Tesoro公司
世界500强,中国大唐集团公司
世界500强,伟创力公司
世界500强,艾睿电子
世界500强,贺利氏控股集团
世界500强,仁宝电脑
世界500强,阳光金控投资集团有限公司
世界500强,高通
世界500强,阿弗瑞萨控股公司
世界500强,KOC集团
世界500强,前进保险公司
世界500强,杜克能源
世界500强,米其林公司
世界500强,碧桂园控股有限公司
世界500强,喜力控股公司
世界500强,ENTERPRISEPRODUCTSPARTNERS公司
世界500强,安进
世界500强,荷兰合作银行
世界500强,Altice公司
世界500强,Onex公司
世界500强,USFoodsHolding公司
世界500强,山西晋城无烟煤矿业集团有限责任公司
世界500强,任仕达控股公司
世界500强,腾讯控股有限公司
世界500强,LGDISPLAY公司
世界500强,EmiratesGroup公司
世界500强,美国合众银行
世界500强,H&M公司
世界500强,美国家庭人寿保险公司
世界500强,苏宁云商集团股份有限公司
世界500强,GS加德士
世界500强,Ultrapar控股公司
世界500强,西尔斯控股
世界500强,中国通用技术(集团)控股有限责任公司
世界500强,英国国家电网
世界500强,DollarGeneral公司
世界500强,意大利电信
世界500强,梯瓦制药工业公司
世界500强,威廉莫里森超市连锁公司
世界500强,途易
世界500强,AutoNation公司
世界500强,北京小桔科技有限公司
世界500强,阿里巴巴(中国)有限公司
世界500强,贝壳找房(北京)科技有限公司
世界500强,新浪网技术(中国)有限公司
世界500强,谷歌信息技术(中国)有限公司
世界500强,蚂蚁科技集团股份有限公司
世界500强,eBay
世界500强,Twitter
世界500强,Airbnb
世界500强,亚马逊(中国)投资有限公司
世界500强,Meta Platform Inc
世界500强,Netflix
世界500强,奥多比系统软件(北京)有限公司
世界500强,Salesforce
世界500强,Shopify
世界500强,Zoom
世界500强,Atlassian
中国500强,上海景瑞地产(集团)有限公司
中国500强,中国恒大集团有限公司
中国500强,万华化学集团股份有限公司
中国500强,中建西部建设股份有限公司
中国500强,北京京客隆商业集团股份有限公司
中国500强,江苏中南建设集团股份有限公司
中国500强,天士力医药集团股份有限公司
中国500强,杭州银行股份有限公司
中国500强,天音通信控股股份有限公司
中国500强,易见供应链管理股份有限公司
中国500强,宝龙地产控股有限公司
中国500强,内蒙古伊利实业集团股份有限公司
中国500强,中远海运发展股份有限公司
中国500强,江苏亨通光电股份有限公司
中国500强,中国粮油控股有限公司
中国500强,绿地控股集团有限公司
中国500强,申能股份有限公司
中国500强,上海建工集团股份有限公司
中国500强,内蒙古鄂尔多斯资源股份有限公司
中国500强,安徽水利开发股份有限公司
中国500强,江铃汽车股份有限公司
中国500强,新华人寿保险股份有限公司
中国500强,宝业集团股份有限公司
中国500强,北京爱奇艺科技有限公司
中国500强,山东恒邦冶炼股份有限公司
中国500强,恒力石化股份有限公司
中国500强,深圳市飞马国际供应链股份有限公司
中国500强,福耀玻璃工业集团股份有限公司
中国500强,达利食品集团有限公司
中国500强,浙江吉利控股集团有限公司
中国500强,蓝思科技股份有限公司
中国500强,康美药业股份有限公司
中国500强,招商局蛇口工业区控股股份有限公司
中国500强,阳光城集团股份有限公司
中国500强,中国民生银行股份有限公司
中国500强,北京京东世纪贸易有限公司
中国500强,合生创展集团有限公司
中国500强,网易(杭州)网络有限公司
中国500强,永辉超市股份有限公司
中国500强,华夏幸福基业股份有限公司
中国500强,上海梅林正广和股份有限公司
中国500强,杭州海康威视数字技术股份有限公司
中国500强,北京字节跳动科技有限公司
中国500强,佳兆业集团控股有限公司
中国500强,浙江大华技术股份有限公司
中国500强,厦门象屿股份有限公司
中国500强,深圳长城开发科技股份有限公司
中国500强,歌尔股份有限公司
中国500强,华为技术有限公司
中国500强,华夏银行股份有限公司
中国500强,中国平安保险(集团)股份有限公司
中国500强,兴业银行股份有限公司
中国500强,宝胜科技创新股份有限公司
中国500强,珠海华发实业股份有限公司
中国500强,中国燃气控股有限公司
中国500强,中国光大银行股份有限公司
中国500强,北京三聚环保新材料股份有限公司
中国500强,浙商中拓集团股份有限公司
中国500强,融创中国控股有限公司
中国500强,联想集团有限公司
中国500强,珠海格力电器股份有限公司
中国500强,比亚迪股份有限公司
中国500强,江苏中天科技股份有限公司
中国500强,宁波银行股份有限公司
中国500强,万科企业股份有限公司
中国500强,瑞康医药股份有限公司
中国500强,中国南方航空股份有限公司
中国500强,广州白云山医药集团股份有限公司
中国500强,禹洲地产股份有限公司
中国500强,佛山市海天调味食品股份有限公司
中国500强,九州通医药集团股份有限公司
中国500强,中国中信集团有限公司
中国500强,中国建设银行股份有限公司
中国500强,五矿发展股份有限公司
中国500强,四川长虹电器股份有限公司
中国500强,招商证券股份有限公司
中国500强,中天金融集团股份有限公司
中国500强,联华超市股份有限公司
中国500强,盛屯矿业集团股份有限公司
中国500强,中国忠旺控股有限公司
中国500强,云南白药集团股份有限公司
中国500强,申万宏源集团股份有限公司
中国500强,上海浦东发展银行股份有限公司
中国500强,中国太平洋保险(集团)股份有限公司
中国500强,际华集团股份有限公司
中国500强,浙商银行股份有限公司
中国500强,中国中煤能源股份有限公司
中国500强,上海龙宇燃油股份有限公司
中国500强,国机汽车股份有限公司
中国500强,金地(集团)股份有限公司
中国500强,仁恒置地集团有限公司
中国500强,TCL集团股份有限公司
中国500强,浙江英特集团股份有限公司
中国500强,宁波华翔电子股份有限公司
中国500强,中国有色金属建设股份有限公司
中国500强,厦门建发集团有限公司
中国500强,立讯精密工业股份有限公司
中国500强,天津天海投资发展股份有限公司
中国500强,宁波均胜电子股份有限公司
中国500强,安徽华信国际控股股份有限公司
中国500强,国投电力控股股份有限公司
中国500强,国信证券股份有限公司
中国500强,荣盛房地产发展股份有限公司
中国500强,海通证券股份有限公司
中国500强,华润电力控股有限公司
中国500强,广州发展集团股份有限公司
中国500强,中国东方航空股份有限公司
中国500强,厦门国贸控股集团有限公司
中国500强,紫光股份有限公司
中国500强,中兴通讯股份有限公司
中国500强,广汇汽车服务股份公司
中国500强,上海电气集团股份有限公司
中国500强,中国葛洲坝集团股份有限公司
中国500强,深圳市爱施德股份有限公司
中国500强,广州富力地产股份有限公司
中国500强,湖北兴发化工集团股份有限公司
中国500强,中联重科股份有限公司
中国500强,中国通信服务股份有限公司
中国500强,青岛啤酒股份有限公司
中国500强,烽火通信科技股份有限公司
中国500强,中国医药健康产业股份有限公司
中国500强,隆基绿能科技股份有限公司
中国500强,苏州金螳螂建筑装饰股份有限公司
中国500强,北京迪信通商贸股份有限公司
中国500强,山东步长制药股份有限公司
中国500强,金正大生态工程集团股份有限公司
中国500强,国电科技环保集团股份有限公司
中国500强,海亮集团有限公司
中国500强,环旭电子股份有限公司
中国500强,中百控股集团股份有限公司
中国500强,长城汽车股份有限公司
中国500强,宜宾天原集团股份有限公司
中国500强,辽宁禾丰牧业股份有限公司
中国500强,中化国际(控股)股份有限公司
中国500强,深圳市怡亚通供应链股份有限公司
中国500强,同方股份有限公司
中国500强,北京大北农科技集团股份有限公司
中国500强,东方国际创业股份有限公司
中国500强,重庆小康工业集团股份有限公司
中国500强,航天信息股份有限公司
中国500强,金科地产集团股份有限公司
中国500强,新兴铸管股份有限公司
中国500强,瑞茂通供应链管理股份有限公司
中国500强,大商股份有限公司
中国500强,三一重工股份有限公司
中国500强,银座集团股份有限公司
中国500强,龙元建设集团股份有限公司
中国500强,杭州滨江房产集团股份有限公司
中国500强,海洋石油工程股份有限公司
中国500强,国泰君安证券股份有限公司
中国500强,华东医药股份有限公司
中国500强,创维集团有限公司
中国500强,中国外运股份有限公司
中国500强,宜宾五粮液股份有限公司
中国500强,人福医药集团股份公司
中国500强,中国银河证券股份有限公司
中国500强,唯品会(中国)有限公司
中国500强,广东海大集团股份有限公司
中国500强,中信建投证券股份有限公司
中国500强,北汽福田汽车股份有限公司
中国500强,泛海控股股份有限公司
中国500强,金融街控股股份有限公司
中国500强,国药控股股份有限公司
中国500强,光明乳业股份有限公司
中国500强,武汉武商集团股份有限公司
中国500强,山东晨鸣纸业集团股份有限公司
中国500强,华泰证券股份有限公司
中国500强,深圳市海王生物工程股份有限公司
中国500强,东华能源股份有限公司
中国500强,康佳集团股份有限公司
中国500强,中国金茂控股集团有限公司
中国500强,中国长城科技集团股份有限公司
中国500强,泰禾集团股份有限公司
中国500强,天虹商场股份有限公司
中国500强,舜宇光学科技(集团)有限公司
中国500强,上海电力股份有限公司
中国500强,航天时代电子技术股份有限公司
中国500强,中国人寿保险股份有限公司
中国500强,新奥能源控股有限公司
中国500强,中国联塑集团控股有限公司
中国500强,广东温氏食品集团股份有限公司
中国500强,中骏置业控股有限公司
中国500强,光明房地产集团股份有限公司
中国500强,协鑫集成科技股份有限公司
中国500强,首创置业股份有限公司
中国500强,中国正通汽车服务控股有限公司
中国500强,潍柴动力股份有限公司
中国500强,特变电工股份有限公司
中国500强,浙江正泰电器股份有限公司
中国500强,中铝国际工程股份有限公司
中国500强,上海汽车集团股份有限公司
中国500强,天地科技股份有限公司
中国500强,江苏国泰国际集团国贸股份有限公司
中国500强,郑州宇通客车股份有限公司
中国500强,哈尔滨银行股份有限公司
中国500强,上海大生农业金融科技股份有限公司
中国500强,金发科技股份有限公司
中国500强,阿里巴巴集团控股有限公司
中国500强,步步高商业连锁股份有限公司
中国500强,中国建筑股份有限公司
中国500强,华润置地有限公司
中国500强,北京华联综合超市股份有限公司
中国500强,龙湖地产有限公司
中国500强,长春一汽富维汽车零部件股份有限公司
中国500强,OPPO广东移动通信有限公司
中国500强,通威股份有限公司
中国500强,江河创建集团股份有限公司
中国500强,苏州胜利精密制造科技股份有限公司
中国500强,携程旅游信息技术(上海)有限公司
中国500强,京东方科技集团股份有限公司
中国500强,厦门信达股份有限公司
中国500强,新希望六和股份有限公司
中国500强,渤海金控投资股份有限公司
中国500强,天津银行股份有限公司
中国500强,中国太平保险控股有限公司
中国500强,江苏银行股份有限公司
中国500强,上海隧道工程股份有限公司
中国500强,大秦铁路股份有限公司
中国500强,贵州茅台酒股份有限公司
中国500强,中国化学工程股份有限公司
中国500强,北京三快科技有限公司
中国500强,小米科技有限责任公司
中国500强,南京新街口百货商店股份有限公司
中国500强,广发证券股份有限公司
中国500强,中国食品有限公司
中国500强,中国石油化工集团公司
中国500强,中国石油天然气集团公司
中国500强,中国工商银行股份有限公司
中国500强,中国农业银行股份有限公司
中国500强,中国银行股份有限公司
中国500强,中国移动通信集团公司
中国500强,中国铁道建筑总公司
中国500强,东风汽车集团股份有限公司
中国500强,华为投资控股有限公司
中国500强,中国华润总公司
中国500强,中国交通建设集团有限公司
中国500强,中国人民保险集团股份有限公司
中国500强,中国海洋石油总公司
中国500强,中国邮政集团公司
中国500强,中国电信集团公司
中国500强,北京汽车集团
中国500强,交通银行股份有限公司
中国500强,中国电力建设集团有限公司
中国500强,河钢集团
中国500强,中国船舶重工集团公司
中国500强,广州汽车工业集团
中国500强,中国联合网络通信股份有限公司
中国500强,中国铝业股份有限公司
中国500强,中国建材集团
中国500强,中国华能集团公司
中国500强,神华集团
中国500强,中国能源建设集团有限公司
中国500强,中国中车股份有限公司
中国500强,冀中能源集团
中国500强,陕西煤业化工集团
中国500强,江西铜业集团公司
中国500强,中国保利集团
中国500强,物产中大集团股份有限公司
中国500强,中国船舶工业集团公司
中国500强,潞安集团
中国500强,美的集团股份有限公司
中国500强,碧桂园控股有限公司
中国500强,腾讯控股有限公司
中国500强,苏宁云商集团股份有限公司
中国500强,中国中铁股份有限公司
中国500强,中国冶金科工股份有限公司
中国500强,宝山钢铁股份有限公司
中国500强,万洲国际有限公司
中国500强,华润医药集团有限公司
中国500强,上海医药集团股份有限公司
中国500强,青岛海尔股份有限公司
中国500强,中国国际航空股份有限公司
中国500强,兖州煤业股份有限公司
中国500强,中国华融资产管理股份有限公司
中国500强,中国再保险(集团)股份有限公司
中国500强,中国信达资产管理股份有限公司
中国500强,铜陵有色金属集团股份有限公司
中国500强,紫金矿业集团股份有限公司
中国500强,重庆长安汽车股份有限公司
中国500强,中国航油(新加坡)股份有限公司
中国500强,国美电器控股有限公司
中国500强,远大产业控股股份有限公司
中国500强,复星国际有限公司
中国500强,中升集团控股有限公司
中国500强,中远海运控股股份有限公司
中国500强,百度股份有限公司
中国500强,昆仑能源有限公司
中国500强,庞大汽贸集团股份有限公司
中国500强,华电国际电力股份有限公司
中国500强,世茂房地产控股有限公司
中国500强,云南铜业股份有限公司
中国500强,大唐国际发电股份有限公司
中国500强,国电电力发展股份有限公司
中国500强,鞍钢股份有限公司
中国500强,顺丰控股股份有限公司
中国500强,山西太钢不锈钢股份有限公司
中国500强,唯品会控股有限公司
中国500强,白银有色集团股份有限公司
中国500强,安徽海螺水泥股份有限公司
中国500强,中国蒙牛乳业有限公司
中国500强,云南云天化股份有限公司
中国500强,安徽江淮汽车集团股份有限公司
中国500强,中国国际海运集装箱(集团)股份有限公司
中国500强,中国石油集团工程股份有限公司
中国500强,中国中材股份有限公司
中国500强,山东黄金矿业股份有限公司
中国500强,常林股份有限公司
中国500强,山东钢铁股份有限公司
中国500强,湖南华菱钢铁股份有限公司
中国500强,光汇石油(控股)有限公司
中国500强,山煤国际能源集团股份有限公司
中国500强,中国长江电力股份有限公司
中国500强,马鞍山钢铁股份有限公司
中国500强,北京控股有限公司
中国500强,北京金隅股份有限公司
中国500强,北京银行股份有限公司
中国500强,上海百联集团股份有限公司
中国500强,雅居乐集团控股有限公司
中国500强,荣盛石化股份有限公司
中国500强,重庆建工集团股份有限公司
中国500强,中石化石油工程技术服务股份有限公司
中国500强,北京首钢股份有限公司
中国500强,百丽国际控股有限公司
中国500强,中国核工业建设股份有限公司
中国500强,上海钢联电子商务股份有限公司
中国500强,上海华谊集团股份有限公司
中国500强,海南航空股份有限公司
中国500强,神州数码集团股份有限公司
中国500强,大昌行集团有限公司
中国500强,中石化炼化工程(集团)股份有限公司
中国500强,浙江浙能电力股份有限公司
中国500强,中金黄金股份有限公司
中国500强,中国大冶有色金属矿业有限公司
中国500强,广州网易信息科技有限公司
中国500强,中国航空科技工业股份有限公司
中国500强,深圳华侨城股份有限公司
中国500强,甘肃酒钢集团宏兴钢铁股份有限公司
中国500强,老凤祥股份有限公司
中国500强,玖龙纸业(控股)有限公司
中国500强,远洋集团控股有限公司
中国500强,上海银行股份有限公司
中国500强,重庆百货大楼股份有限公司
中国500强,云南锡业股份有限公司
中国500强,东方电气股份有限公司
中国500强,陕西煤业股份有限公司
中国500强,中航国际控股股份有限公司
中国500强,中国重汽(香港)有限公司
中国500强,中国广核电力股份有限公司
中国500强,恒逸石化股份有限公司
中国500强,江苏汇鸿国际集团股份有限公司
中国500强,青岛海信电器股份有限公司
中国500强,上海国际港务(集团)股份有限公司
中国500强,哈尔滨电气股份有限公司
中国500强,内蒙古包钢钢联股份有限公司
中国500强,内蒙古西水创业股份有限公司
中国500强,新余钢铁股份有限公司
中国500强,四川路桥建设集团股份有限公司
中国500强,中国核能电力股份有限公司
中国500强,北京首都开发股份有限公司
中国500强,本钢板材股份有限公司
中国500强,中国铁路通信信号股份有限公司
中国500强,北方华锦化学工业股份有限公司
中国500强,绿城中国控股有限公司
中国500强,中国石油集团资本股份有限公司
中国500强,华润啤酒(控股)有限公司
中国500强,新城发展控股有限公司
中国500强,华润燃气控股有限公司
中国500强,西部矿业股份有限公司
中国500强,深圳欧菲光科技股份有限公司
中国500强,海信科龙电器股份有限公司
中国500强,南京医药股份有限公司
中国500强,柳州钢铁股份有限公司
中国500强,南京银行股份有限公司
中国500强,中国东方集团控股有限公司
中国500强,新疆金风科技股份有限公司
中国500强,保利置业集团有限公司
中国500强,中航飞机股份有限公司
中国500强,桐昆集团股份有限公司
中国500强,耐世特汽车系统集团有限公司
中国500强,新疆中泰化学股份有限公司
中国500强,中船海洋与防务装备股份有限公司
中国500强,一汽轿车股份有限公司
中国500强,广东电力发展股份有限公司
中国500强,中国国旅股份有限公司
中国500强,内蒙古伊泰煤炭股份有限公司
中国500强,龙源电力集团股份有限公司
中国500强,旭辉集团股份有限公司
中国500强,中国航发动力股份有限公司
中国500强,安阳钢铁股份有限公司
中国500强,保利协鑫能源控股有限公司
中国500强,华润水泥控股有限公司
中国500强,厦门金龙汽车集团股份有限公司
中国500强,重庆农村商业银行股份有限公司
中国500强,天能动力国际有限公司
中国500强,晶科能源控股有限公司
中国500强,四川蓝光发展股份有限公司
中国500强,中国机械设备工程股份有限公司
中国500强,徽商银行股份有限公司
中国500强,越秀地产股份有限公司
中国500强,龙光地产控股有限公司
中国500强,大明国际控股有限公司
中国500强,江苏宏图高科技股份有限公司
中国500强,携程国际有限公司
中国500强,杭州钢铁股份有限公司
中国500强,山西西山煤电股份有限公司
中国500强,上海东方明珠新媒体股份有限公司
中国500强,中芯国际集成电路制造有限公司
中国500强,恒安国际集团有限公司
中国500强,江苏长电科技股份有限公司
中国500强,阿特斯太阳能有限公司
中国500强,上海实业控股有限公司
中国500强,江西正邦科技股份有限公司
中国500强,信利国际有限公司
中国500强,中国电力国际发展有限公司
中国500强,阳泉煤业(集团)股份有限公司
中国500强,深圳控股有限公司
中国500强,中粮地产(集团)股份有限公司
中国500强,中国润东汽车集团有限公司
中国500强,王府井集团股份有限公司
中国500强,延长石油国际有限公司
中国500强,广深铁路股份有限公司
中国500强,江苏洋河酒厂股份有限公司
中国500强,上海锦江国际酒店(集团)股份有限公司
中国500强,海澜之家股份有限公司
中国500强,河南神火煤电股份有限公司
中国500强,徐工集团工程机械股份有限公司
中国500强,圆通速递股份有限公司
中国500强,江苏国信股份有限公司
中国500强,五菱汽车集团控股有限公司
中国500强,阳煤化工股份有限公司
中国500强,五矿资源有限公司
中国500强,上海物资贸易股份有限公司
中国500强,锦州银行股份有限公司
中国500强,宁波舟山港股份有限公司
中国500强,时代地产控股有限公司
中国500强,盛京银行股份有限公司
中国500强,华电福新能源股份有限公司
中国500强,唐山三友化工股份有限公司
中国500强,晶澳太阳能控股有限公司
中国500强,理文造纸有限公司
中国500强,天津泰达股份有限公司
中国500强,云南铝业股份有限公司
中国500强,中储发展股份有限公司
中国500强,湖北宜化化工股份有限公司
中国500强,中海油田服务股份有限公司
中国500强,申洲国际集团控股有限公司
中国500强,扬子江船业(控股)有限公司
中国500强,深圳市中金岭南有色金属股份有限公司
中国500强,中化化肥控股有限公司
中国500强,雅戈尔集团股份有限公司
中国500强,北控水务集团有限公司
中国500强,平顶山天安煤业股份有限公司
中国500强,北京京能清洁能源电力股份有限公司
中国500强,凌源钢铁股份有限公司
中国500强,山东太阳纸业股份有限公司
中国500强,中国雨润食品集团有限公司
中国500强,重庆市迪马实业股份有限公司
中国500强,海马汽车集团股份有限公司
中国500强,中华企业股份有限公司
中国500强,中国西电电气股份有限公司
中国500强,哈药集团股份有限公司
中国500强,福建三钢闽光股份有限公司
中国500强,云南驰宏锌锗股份有限公司
中国500强,天津港发展控股有限公司
中国500强,广东韶钢松山股份有限公司
中国500强,远东宏信有限公司
中国500强,河南中孚实业股份有限公司
中国500强,长江出版传媒股份有限公司
中国500强,上海世茂股份有限公司
中国500强,永泰能源股份有限公司
中国500强,宁波建工股份有限公司
中国500强,玉柴国际有限公司
中国500强,天虹纺织集团有限公司
中国500强,新湖中宝股份有限公司
中国500强,河南豫光金铅股份有限公司
中国500强,中粮屯河糖业股份有限公司
中国500强,中国生物制药有限公司
中国500强,华新水泥股份有限公司
中国500强,供销大集集团股份有限公司
中国500强,中茵股份有限公司
中国500强,安踏体育用品有限公司
中国500强,山东南山铝业股份有限公司
中国500强,北大资源(控股)有限公司
中国500强,长春欧亚集团股份有限公司
中国500强,中远海运能源运输股份有限公司
中国500强,大连港股份有限公司
中国500强,上海陆家嘴金融贸易区开发股份有限公司
中国500强,中文天地出版传媒股份有限公司
中国500强,株洲冶炼集团股份有限公司
中国500强,浪潮电子信息产业股份有限公司
中国500强,中航直升机股份有限公司
中国500强,浙江龙盛集团股份有限公司
中国500强,唐山冀东水泥股份有限公司
中国500强,北京蓝色光标品牌管理顾问股份有限公司
中国500强,远东智慧能源股份有限公司
中国500强,安徽山鹰纸业股份有限公司
中国500强,北京同仁堂股份有限公司
中国500强,广东江粉磁材股份有限公司
中国500强,合力泰科技股份有限公司
中国500强,中国奥园地产集团股份有限公司
中国500强,航天通信控股集团股份有限公司
中国500强,阜丰集团有限公司
中国500强,开滦能源化工股份有限公司
中国500强,五矿资本股份有限公司
中国500强,北京城建投资发展股份有限公司
中国500强,北京燕京啤酒股份有限公司
中国500强,国电南瑞科技股份有限公司
中国500强,融信中国控股有限公司
中国500强,亨得利控股有限公司
中国500强,北京小桔科技有限公司
中国500强,超威集团
中国500强,行吟信息科技(上海)有限公司
中国500强,阿里巴巴(中国)有限公司
中国500强,百度(中国)有限公司
中国500强,贝壳找房(北京)科技有限公司
中国500强,新浪网技术(中国)有限公司
中国500强,上海哔哩哔哩科技有限公司
中国500强,三六零安全科技股份有限公司
中国500强,蚂蚁科技集团股份有限公司
区域百强,龙光集团有限公司
区域百强,中国恒大集团有限公司
区域百强,中信银行股份有限公司信用卡中心
区域百强,东莞市金铭电子有限公司
区域百强,德邦物流股份有限公司
区域百强,北京京客隆商业集团股份有限公司
区域百强,珠海市魅族科技有限公司
区域百强,广东联塑科技实业有限公司
区域百强,上海斐讯数据通信技术有限公司
区域百强,中国软件与技术服务股份有限公司
区域百强,戴尔(中国)有限公司
区域百强,腾邦集团有限公司
区域百强,深圳市年富供应链有限公司
区域百强,深圳市恒波商业连锁有限公司
区域百强,农夫山泉股份有限公司
区域百强,深圳市东方银座集团有限公司
区域百强,广田控股集团有限公司
区域百强,北京城建集团有限责任公司
区域百强,天音通信控股股份有限公司
区域百强,中国建材国际工程集团有限公司
区域百强,盾安控股集团有限公司
区域百强,绿地控股集团有限公司
区域百强,上海建工集团股份有限公司
区域百强,冠城大通股份有限公司
区域百强,宸鸿科技(厦门)有限公司
区域百强,达运精密工业(厦门)有限公司
区域百强,福建龙净环保股份有限公司
区域百强,新华人寿保险股份有限公司
区域百强,赛特集团有限公司
区域百强,惠科股份有限公司
区域百强,深圳市富森供应链管理有限公司
区域百强,上海仪电(集团)有限公司
区域百强,深圳市中航装饰设计工程有限公司
区域百强,深圳中电投资股份有限公司
区域百强,乔丹体育股份有限公司
区域百强,信义玻璃控股有限公司
区域百强,浙江宝利德股份有限公司
区域百强,方大集团股份有限公司
区域百强,中兵(上海)有限责任公司
区域百强,福耀玻璃工业集团股份有限公司
区域百强,浙江吉利控股集团有限公司
区域百强,康美药业股份有限公司
区域百强,北京现代汽车有限公司
区域百强,北京华胜天成科技股份有限公司
区域百强,用友网络科技股份有限公司
区域百强,深圳市铁汉生态环境股份有限公司
区域百强,周大生珠宝股份有限公司
区域百强,奥克斯集团有限公司
区域百强,深圳市天健(集团)股份有限公司
区域百强,中国航空技术深圳有限公司
区域百强,富通集团有限公司
区域百强,广州立白企业集团有限公司
区域百强,永辉超市股份有限公司
区域百强,深圳市共进电子股份有限公司
区域百强,欣旺达电子股份有限公司
区域百强,深圳市英捷迅实业发展有限公司
区域百强,经纬纺织机械股份有限公司
区域百强,上海机场(集团)有限公司
区域百强,上海宝冶集团有限公司
区域百强,上海大名城企业股份有限公司
区域百强,歌尔股份有限公司
区域百强,广东省联泰集团有限公司
区域百强,歌山建设集团有限公司
区域百强,上海胜华电缆(集团)有限公司
区域百强,深圳市康冠技术有限公司
区域百强,华峰集团有限公司
区域百强,华夏银行股份有限公司
区域百强,中国平安保险(集团)股份有限公司
区域百强,兴业银行股份有限公司
区域百强,宇龙计算机通信科技(深圳)有限公司
区域百强,上海春秋国际旅行社(集团)有限公司
区域百强,太平财产保险有限公司
区域百强,广东骏和通信设备连锁销售有限公司
区域百强,浙江昆仑控股集团有限公司
区域百强,杭州锦江集团有限公司
区域百强,远大物产集团有限公司
区域百强,深圳市信利康供应链管理有限公司
区域百强,深圳市东方金钰珠宝实业有限公司
区域百强,广东新明珠陶瓷集团有限公司
区域百强,广州市时代地产集团有限公司
区域百强,上海亚泰建设集团有限公司
区域百强,致达控股集团有限公司
区域百强,中国燃气控股有限公司
区域百强,健康元药业集团股份有限公司
区域百强,深圳市中农网有限公司
区域百强,中航国际钢铁贸易有限公司
区域百强,杭州东恒石油有限公司
区域百强,中信证券股份有限公司
区域百强,中基宁波集团股份有限公司
区域百强,深圳天安骏业投资发展(集团)有限公司
区域百强,广东恒兴集团有限公司
区域百强,欧派家居集团股份有限公司
区域百强,深圳市华富洋供应链有限公司
区域百强,比亚迪股份有限公司
区域百强,深圳航空有限责任公司
区域百强,中设建工集团有限公司
区域百强,福州福大自动化科技有限公司
区域百强,深圳市大疆创新科技有限公司
区域百强,万科企业股份有限公司
区域百强,杭州娃哈哈集团有限公司
区域百强,宁波申洲针织有限公司
区域百强,大族激光科技产业集团股份有限公司
区域百强,深圳百泰投资控股集团有限公司
区域百强,浙江恒逸集团有限公司
区域百强,上海晨光文具股份有限公司
区域百强,浙江英特药业有限责任公司
区域百强,中智上海经济技术合作公司
区域百强,广东新宝电器股份有限公司
区域百强,佛山市海天调味食品股份有限公司
区域百强,中交一公局厦门工程有限公司
区域百强,奥盛集团有限公司
区域百强,华信石油(广东)有限公司
区域百强,深圳市鑫荣懋农产品股份有限公司
区域百强,上海闽路润贸易有限公司
区域百强,人人乐连锁商业集团股份有限公司
区域百强,北京中关村科技发展(控股)股份有限公司
区域百强,伯恩光学(深圳)有限公司
区域百强,上海均瑶(集团)有限公司
区域百强,大恒新纪元科技股份有限公司
区域百强,北京兆维电子(集团)有限责任公司
区域百强,上海浦东发展银行股份有限公司
区域百强,中国太平洋保险(集团)股份有限公司
区域百强,东方国际(集团)有限公司
区域百强,益海嘉里投资有限公司
区域百强,上海龙宇燃油股份有限公司
区域百强,深圳市优友金融服务有限公司
区域百强,TCL集团股份有限公司
区域百强,杉杉控股有限公司
区域百强,北京大发正大有限公司
区域百强,上海苏宁云商销售有限公司
区域百强,深圳迈瑞生物医疗电子股份有限公司
区域百强,宁波均胜电子股份有限公司
区域百强,厦门建发股份有限公司
区域百强,深圳市洪涛装饰股份有限公司
区域百强,中国南玻集团股份有限公司
区域百强,海通证券股份有限公司
区域百强,中国宝安集团股份有限公司
区域百强,上海置信电气股份有限公司
区域百强,深圳市海王星辰医药有限公司
区域百强,中国华信能源有限公司
区域百强,环胜电子(深圳)有限公司
区域百强,浙江省商业集团有限公司
区域百强,福建佳通轮胎有限公司
区域百强,泉州福海粮油工业有限公司
区域百强,普联技术有限公司
区域百强,东莞华贝电子科技有限公司
区域百强,广东志高空调有限公司
区域百强,广东电白建设集团有限公司
区域百强,上海均和集团有限公司
区域百强,深圳市燃气集团股份有限公司
区域百强,深圳市特发集团有限公司
区域百强,利泰集团有限公司
区域百强,中兴通讯股份有限公司
区域百强,红狮控股集团有限公司
区域百强,银亿集团有限公司
区域百强,得力集团有限公司
区域百强,科世达(上海)管理有限公司
区域百强,上海电气集团股份有限公司
区域百强,中铁二十四局集团福建铁路建设有限公司
区域百强,深圳市爱施德股份有限公司
区域百强,浙江省国际贸易集团有限公司
区域百强,中国华西企业有限公司
区域百强,广州富力地产股份有限公司
区域百强,北京首都国际机场股份有限公司
区域百强,深圳市东方嘉盛供应链股份有限公司
区域百强,深圳市康哲药业有限公司
区域百强,浙江前程投资股份有限公司
区域百强,三鼎控股集团有限公司
区域百强,北青传媒股份有限公司
区域百强,深圳广田集团股份有限公司
区域百强,广东长隆集团有限公司
区域百强,海亮集团有限公司
区域百强,深圳市奇信建设集团股份有限公司
区域百强,无限极(中国)有限公司
区域百强,深圳市商贸通供应链管理有限公司
区域百强,环旭电子股份有限公司
区域百强,上海申华控股股份有限公司
区域百强,巨星控股集团有限公司
区域百强,人民电器集团有限公司
区域百强,浙江省交通投资集团有限公司
区域百强,深圳市怡亚通供应链股份有限公司
区域百强,世纪金源投资集团有限公司
区域百强,正泰电气股份有限公司
区域百强,福建金帝集团有限公司
区域百强,浙江荣盛控股集团有限公司
区域百强,富士施乐高科技(深圳)有限公司
区域百强,广厦控股集团有限公司
区域百强,东凌控股有限公司
区域百强,北京北方车辆集团有限公司
区域百强,中策橡胶集团有限公司
区域百强,深圳市华星光电技术有限公司
区域百强,广东顺德农村商业银行股份有限公司
区域百强,华东建筑集团股份有限公司
区域百强,中铁建设集团有限公司
区域百强,北京住总集团有限责任公司
区域百强,浙江省兴合集团有限责任公司
区域百强,龙元建设集团股份有限公司
区域百强,石狮市佳龙石化纺纤有限公司
区域百强,厦门中骏集团有限公司
区域百强,浙江富春江通信集团有限公司
区域百强,花园集团有限公司
区域百强,华映科技(集团)股份有限公司
区域百强,厦门正新橡胶工业有限公司
区域百强,友达光电(厦门)有限公司
区域百强,中国建筑第八工程局有限公司
区域百强,深圳市九立供应链股份有限公司
区域百强,华联发展集团有限公司
区域百强,五冶集团上海有限公司
区域百强,广州晶东贸易有限公司
区域百强,上海强生控股股份有限公司
区域百强,创维集团有限公司
区域百强,太平鸟集团有限公司
区域百强,中天控股集团有限公司
区域百强,光明食品(集团)有限公司
区域百强,雪松控股集团有限公司
区域百强,广东海大集团股份有限公司
区域百强,北汽福田汽车股份有限公司
区域百强,三六一度(中国)有限公司
区域百强,上海家化联合股份有限公司
区域百强,金融街控股股份有限公司
区域百强,深圳华强集团有限公司
区域百强,中国万向控股有限公司
区域百强,北京歌华有线电视网络股份有限公司
区域百强,深圳信立泰药业股份有限公司
区域百强,厦门国贸集团股份有限公司
区域百强,北京燕莎友谊商城有限公司
区域百强,深圳市嘉信福实业集团有限公司
区域百强,深圳市海王生物工程股份有限公司
区域百强,上海交运集团股份有限公司
区域百强,深圳市建筑装饰(集团)有限公司
区域百强,远纺工业(上海)有限公司
区域百强,利时集团股份有限公司
区域百强,精功集团有限公司
区域百强,舜杰建设(集团)有限公司
区域百强,深圳市振业(集团)股份有限公司
区域百强,宁波博洋控股集团有限公司
区域百强,佛山市顺德区乐从供销集团有限公司
区域百强,浙江富冶集团有限公司
区域百强,冠捷显示科技(厦门)有限公司
区域百强,中国长城科技集团股份有限公司
区域百强,龙盛集团控股(上海)有限公司
区域百强,福建星网锐捷通讯股份有限公司
区域百强,阳光保险集团股份有限公司
区域百强,广东格兰仕集团有限公司
区域百强,三花控股集团有限公司
区域百强,纳爱斯集团有限公司
区域百强,敏华家具制造(惠州)有限公司
区域百强,厦门海沧投资集团有限公司
区域百强,联想移动通信科技有限公司
区域百强,厦门松下电子信息有限公司
区域百强,上海振华重工(集团)股份有限公司
区域百强,厦门路桥工程物资有限公司
区域百强,广东温氏食品集团股份有限公司
区域百强,协鑫集成科技股份有限公司
区域百强,研祥高科技控股集团有限公司
区域百强,永乐(中国)电器销售有限公司
区域百强,上海百润企业发展有限公司
区域百强,北京北重汽轮电机有限责任公司
区域百强,厦门ABB开关有限公司
区域百强,中运富通控股集团有限公司
区域百强,大华(集团)有限公司
区域百强,深圳市大生农业集团有限公司
区域百强,南海油脂工业(赤湾)有限公司
区域百强,上海三盛宏业投资(集团)有限责任公司
区域百强,深圳市金立通信设备有限公司
区域百强,海航科技集团有限公司
区域百强,浙江逸盛石化有限公司
区域百强,升华集团控股有限公司
区域百强,广东南粤银行股份有限公司
区域百强,深圳市中深装建设集团有限公司
区域百强,上海汽车集团股份有限公司
区域百强,深圳市深装总装饰股份有限公司
区域百强,中铁十七局集团第六工程有限公司
区域百强,厦门市嘉晟对外贸易有限公司
区域百强,青山控股集团有限公司
区域百强,广州元亨能源有限公司
区域百强,深圳市大众建设集团有限公司
区域百强,中锐控股集团有限公司
区域百强,金发科技股份有限公司
区域百强,福建吴航不锈钢制品有限公司
区域百强,北京华联综合超市股份有限公司
区域百强,广东圣丰集团有限公司
区域百强,上海展志实业集团有限责任公司
区域百强,上海华虹(集团)有限公司
区域百强,广州南菱汽车股份有限公司
区域百强,浙江中成控股集团有限公司
区域百强,北京ABB高压开关设备有限公司
区域百强,万丰奥特控股集团有限公司
区域百强,深圳市裕同包装科技股份有限公司
区域百强,太平人寿保险有限公司
区域百强,华立集团股份有限公司
区域百强,天能电池集团有限公司
区域百强,京东方科技集团股份有限公司
区域百强,香江集团有限公司
区域百强,深圳市朗华供应链服务有限公司
区域百强,翔鹭石化股份有限公司
区域百强,厦门信达股份有限公司
区域百强,杭州钢铁集团公司
区域百强,联发集团有限公司
区域百强,华讯方舟科技有限公司
区域百强,神州长城股份有限公司
区域百强,亿和精密工业控股有限公司
区域百强,福建三木集团股份有限公司
区域百强,招商银行股份有限公司
区域百强,天喔食品(集团)有限公司
区域百强,中厦建设集团有限公司
区域百强,深圳市金证科技股份有限公司
区域百强,福建省金纶高纤股份有限公司
区域百强,华为投资控股有限公司
区域百强,交通银行股份有限公司
区域百强,物产中大集团股份有限公司
区域百强,中国远洋海运集团有限公司
区域百强,美的集团股份有限公司
区域百强,碧桂园控股有限公司
区域百强,腾讯控股有限公司
区域百强,上海医药集团股份有限公司
区域百强,紫金矿业集团股份有限公司
区域百强,复星国际有限公司
区域百强,世茂房地产控股有限公司
区域百强,唯品会控股有限公司
区域百强,中国国际海运集装箱(集团)股份有限公司
区域百强,北京银行股份有限公司
区域百强,上海百联集团股份有限公司
区域百强,上海钢联电子商务股份有限公司
区域百强,上海华谊集团股份有限公司
区域百强,老凤祥股份有限公司
区域百强,玖龙纸业(控股)有限公司
区域百强,上海银行股份有限公司
区域百强,上海国际港务(集团)股份有限公司
区域百强,绿城中国控股有限公司
区域百强,深圳欧菲光科技股份有限公司
区域百强,上海东方明珠新媒体股份有限公司
区域百强,中芯国际集成电路制造有限公司
区域百强,雅戈尔集团股份有限公司
区域百强,宁波建工股份有限公司
区域百强,广东江粉磁材股份有限公司
区域百强,超威集团
区域百强,上海永达控股(集团)有限公司
区域百强,上海农村商业银行股份有限公司
区域百强,东莞农村商业银行股份有限公司
区域百强,广州华多网络科技有限公司
区域百强,浦发银行股份有限公司
区域百强,首钢总公司即首钢集团
区域百强,北京铁路局
区域百强,中国石化集团北京燕山石油化工有限公司
区域百强,北京汽车工业控股有限责任公司
区域百强,中国铁路物资总公司
区域百强,中国国际石油化工联合有限责任公司
区域百强,中国对外贸易运输(集团)总公司
区域百强,北大方正集团有限公司
区域百强,北京建工集团有限责任公司
区域百强,中国北方机车车辆工业集团公司
区域百强,中谷粮油集团公司
区域百强,诺基亚首信通信有限公司
区域百强,北京物美投资集团有限公司
区域百强,北京索爱普天移动通信有限公司
区域百强,中国石油化工股份有限公司北京石油分公司
区域百强,北京市市政工程总公司
区域百强,清华同方股份有限公司
区域百强,北京医药集团有限责任公司
区域百强,北京金隅集团有限责任公司
区域百强,北京燕京啤酒集团公司
区域百强,北京东方石油化工有限公司
区域百强,北京一轻控股有限责任公司
区域百强,北京首都创业集团有限公司
区域百强,北京奔驰-戴姆勒·克莱斯勒汽车有限公司
区域百强,北京市汽车修理公司
区域百强,中国北京同仁堂(集团)有限责任公司
区域百强,北京能源投资(集团)有限公司
区域百强,北京市物资总公司
区域百强,北京纺织控股有限责任公司
区域百强,北京王府井百货(集团)股份有限公司
区域百强,北京市燃气集团有限责任公司
区域百强,北京市公路桥梁建设公司
区域百强,北京京煤集团有限责任公司
区域百强,中国新兴建设开发总公司
区域百强,北京天鸿集团公司
区域百强,北京粮食集团有限责任公司
区域百强,嘉里大通物流有限公司
区域百强,北京北辰实业集团公司
区域百强,北京新燕莎控股(集团)有限责任公司
区域百强,北京医药股份有限公司
区域百强,北京巴士股份有限公司
区域百强,北京华方投资经营公司
区域百强,北京韩建集团有限公司
区域百强,北京首联商业集团有限公司
区域百强,北京西门子通信网络有限公司
区域百强,北京卷烟厂
区域百强,中国新时代控股(集团)公司
区域百强,北京化二股份有限公司
区域百强,北京市糖业烟酒公司
区域百强,北人集团公司
区域百强,北京城乡贸易中心股份有限公司
区域百强,北京翠微集团
区域百强,北京索鸿电子有限公司
区域百强,北京西单友谊集团
区域百强,北京天桥北大青鸟科技股份有限公司
区域百强,北京市设备安装工程公司
区域百强,北京电力设备总厂
区域百强,密云冶金矿山公司
区域百强,北京万通先锋置业股份有限公司
区域百强,中房置业股份有限公司
区域百强,北京科技园建设(集团)股份有限公司
区域百强,北京怀建集团有限公司
区域百强,北京首钢红冶钢厂
区域百强,中国南车集团北京二七车辆厂
区域百强,北京航星机器制造公司
区域百强,北京雪莲毛纺服装集团公司
区域百强,中国北车集团北京二七机车厂
区域百强,华北高速公路股份有限公司
区域百强,中国电子进出口北京公司
区域百强,正威国际集团有限公司
区域百强,宜华企业(集团)有限公司
区域百强,瑞声科技控股有限公司
区域百强,广州美涂士投资控股有限公司
区域百强,华孚控股有限公司
区域百强,广州合生骏景房地产有限公司
区域百强,信利光电股份有限公司
区域百强,星河湾集团有限公司
区域百强,明阳新能源投资控股集团有限公司
区域百强,广州海印实业集团有限公司
区域百强,佛山市兴海铜铝业有限公司
区域百强,佛山市南海正圣金属贸易有限公司
区域百强,深圳市三诺投资控股有限公司
区域百强,广东万和集团有限公司
区域百强,广州市神州数码信息科技有限公司
区域百强,广东合诚集团有限公司
区域百强,广州视源电子科技股份有限公司
区域百强,深圳市兖峰能源投资控股有限公司
区域百强,深圳市新天下集团有限公司
区域百强,珠海银隆新能源股份有限公司
区域百强,龙旗电子(惠州)有限公司
区域百强,深圳市兆驰股份有限公司
区域百强,维达纸业(中国)有限公司
区域百强,茂名市天源商贸发展有限公司
区域百强,中国宝武钢铁集团有限公司
区域百强,上海东浩兰生国际服务贸易(集团)有限公司
区域百强,上海烟草集团有限责任公司
区域百强,中国东方航空集团公司
区域百强,国网上海市电力公司
区域百强,中国石化上海石油化工股份有限公司
区域百强,上海城建(集团)公司
区域百强,上海纺织(集团)有限公司
区域百强,申能(集团)有限公司
区域百强,上海城投(集团)有限公司
区域百强,中国二十冶集团有限公司
区域百强,沪东中华造船(集团)有限公司
区域百强,中铁二十四局集团有限公司
区域百强,上海际大投资控股集团有限公司
区域百强,红星美凯龙控股集团有限公司
区域百强,月星集团有限公司
区域百强,康德乐(上海)医药有限公司
区域百强,上海外高桥造船有限公司
区域百强,源山投资控股有限公司
区域百强,上海临港经济发展(集团)有限公司
区域百强,上海紫江企业集团股份有限公司
区域百强,上海龙旗科技股份有限公司
区域百强,上海东方电视购物有限公司
区域百强,上海鑫冶铜业有限公司
区域百强,上海汉滨实业发展有限公司
区域百强,上海福然德部件加工有限公司
区域百强,深圳顺丰泰森控股(集团)有限公司
区域百强,深业集团有限公司
区域百强,中国烟草总公司深圳市公司
区域百强,深圳市地铁集团有限公司
区域百强,深圳市诚威新材料有限公司
区域百强,深圳能源集团股份有限公司
区域百强,正威科技(深圳)有限公司
区域百强,中铁建设投资集团有限公司
区域百强,深圳市佳鸿集团控股有限公司
区域百强,深圳前海旗丰供应链管理有限公司
区域百强,深圳市水务(集团)有限公司
区域百强,深圳国际控股有限公司
区域百强,长园集团股份有限公司
区域百强,深圳市欧拓电子集团有限公司
区域百强,深圳市神舟创新科技有限公司
区域百强,宝德科技集团股份有限公司
区域百强,深圳市霖峰投资控股有限公司
区域百强,深圳市岭南集团有限公司
区域百强,厦门钨业股份有限公司
区域百强,中国石化销售有限公司浙江石油分公司
区域百强,中国石油化工股份有限公司镇海炼化分公司
区域百强,浙江中烟工业有限责任公司
区域百强,杭州汽轮动力集团有限公司
区域百强,浙江省能源集团有限公司
区域百强,浙江省建设投资集团股份有限公司
区域百强,正泰集团股份有限公司
区域百强,德力西集团有限公司
区域百强,宁波金田投资控股有限公司
区域百强,浙江桐昆控股集团有限公司
区域百强,传化集团有限公司
区域百强,杭州华东医药集团有限公司
区域百强,浙江宝业建设集团有限公司
区域百强,宁波富邦控股集团有限公司
区域百强,华仪集团有限公司
区域百强,卧龙控股集团有限公司
区域百强,巨化集团公司
区域百强,浙江中南控股集团有限公司
区域百强,森马集团有限公司
区域百强,浙江龙盛控股有限公司
区域百强,浙江省海港投资运营集团有限公司
区域百强,维科控股集团股份有限公司
区域百强,海天建设集团有限公司
区域百强,银泰商业(集团)有限公司
区域百强,奥康集团有限公司
区域百强,新凤鸣集团股份有限公司
区域百强,兴惠化纤集团有限公司
区域百强,浙江东南网架集团有限公司
区域百强,宁波君安控股有限公司
区域百强,宁波华东物资城市场建设开发有限公司
区域百强,祥生实业集团有限公司
区域百强,广博控股集团有限公司
区域百强,浙江协和集团有限公司
区域百强,浙江建华集团有限公司
区域百强,浙江元立金属制品集团有限公司
区域百强,人本集团有限公司
区域百强,舜宇集团有限公司
区域百强,天洁集团有限公司
区域百强,福建联合石油化工有限公司 
区域百强,福建省电力有限公司
区域百强,厦门海翼集团有限公司
区域百强,福建捷联电子有限公司
区域百强,厦门象屿集团有限公司
区域百强,福建省三钢(集团)有限责任公司
区域百强,福建省能源集团有限责任公司
区域百强,福建省汽车工业集团有限公司
区域百强,厦门航空有限公司
区域百强,龙岩烟草工业有限责任公司
区域百强,泉州市三兴体育用品有限公司
区域百强,福建建工集团总公司
区域百强,厦门烟草工业有限责任公司
区域百强,福建福晟集团有限公司
区域百强,福建省交通运输集团有限责任公司
区域百强,福建正荣集团有限公司
区域百强,正兴车轮集团有限公司
区域百强,福建省船舶工业集团公司
区域百强,中国(福建)对外贸易中心集团有限责任公司
区域百强,福建凯西集团有限公司
区域百强,厦门银鹭集团有限公司
区域百强,华阳电业有限公司
区域百强,中建七局第三建筑有限公司
区域百强,福建省晋江市电力有限责任公司
区域百强,宝钢德盛不锈钢有限公司
区域百强,中海福建天然气有限责任公司
区域百强,厦门轻工集团有限公司
区域百强,宝龙集团发展有限公司
区域百强,万利达集团有限公司
区域百强,福建省闽南建筑工程有限公司
区域百强,福建新华都购物广场股份有限公司
区域百强,福建百宏聚纤科技实业有限公司
区域百强,福建亿鑫钢铁有限公司
区域百强,厦门华侨电子股份有限公司
区域百强,厦门禹洲集团股份有限公司
区域百强,三宝冶金(福建)集团股份有限公司
区域百强,华映光电股份有限公司
区域百强,福州闽台茶业有限公司
区域百强,福建省电子信息(集团)有限责任公司
区域百强,乐捷显示科技(厦门)有限公司
区域百强,厦门国际航空港集团有限公司
区域百强,厦门华澄集团有限公司
区域百强,福建旷远(集团)有限公司
区域百强,福建大唐国际宁德发电有限公司
区域百强,华信石油有限公司
区域百强,福建华电可门发电有限公司
区域百强,龙工(福建)机械有限公司
区域百强,祥兴(福建)箱包集团有限公司
区域百强,长乐力恒锦纶科技有限公司
区域百强,厦门正新海燕轮胎有限公司
区域百强,厦门灿坤实业股份有限公司
区域百强,福建鑫海冶金有限公司
区域百强,福建阳光实业发展股份有限公司
区域百强,厦门经济特区房地产开发集团有限公司
区域百强,福建省长乐市供电有限公司
区域百强,厦门市中信隆进出口有限公司
区域百强,鹭燕(福建)药业股份有限公司
区域百强,福建省南平铝业有限公司
区域百强,福建省九龙建设集团有限公司
上市公司,万华化学集团股份有限公司
上市公司,西藏银河科技发展股份有限公司
上市公司,天津津滨发展股份有限公司
上市公司,内蒙古蒙草生态环境(集团)股份有限公司
上市公司,四川科新机电股份有限公司
上市公司,中建西部建设股份有限公司
上市公司,亚宝药业集团股份有限公司
上市公司,贵州百灵企业集团制药股份有限公司
上市公司,潜江永安药业股份有限公司
上市公司,安徽乐金健康科技股份有限公司
上市公司,杭州中威电子股份有限公司
上市公司,青岛东软载波科技股份有限公司
上市公司,北京安控科技股份有限公司
上市公司,北京昆仑万维科技股份有限公司
上市公司,华西证券股份有限公司
上市公司,中国软件与技术服务股份有限公司
上市公司,广东潮宏基实业股份有限公司
上市公司,成都三泰控股集团股份有限公司
上市公司,启迪桑德环境资源股份有限公司
上市公司,光大证券股份有限公司
上市公司,平安银行股份有限公司
上市公司,江苏爱康科技股份有限公司
上市公司,北京海兰信数据科技股份有限公司
上市公司,江苏中南建设集团股份有限公司
上市公司,东睦新材料集团股份有限公司
上市公司,深圳市洲明科技股份有限公司
上市公司,华域汽车系统股份有限公司
上市公司,北京易华录信息技术股份有限公司
上市公司,天士力医药集团股份有限公司
上市公司,南方中金环境股份有限公司
上市公司,仁和药业股份有限公司
上市公司,中材科技股份有限公司
上市公司,保利房地产(集团)股份有限公司
上市公司,中大建设股份有限公司
上市公司,朗新科技股份有限公司
上市公司,大晟时代文化投资股份有限公司
上市公司,厦门万里石股份有限公司
上市公司,长发集团长江投资实业股份有限公司
上市公司,上海飞凯光电材料股份有限公司
上市公司,华丽家族股份有限公司
上市公司,上海中毅达股份有限公司
上市公司,上海游久游戏股份有限公司
上市公司,上海爱建集团股份有限公司
上市公司,天音通信控股股份有限公司
上市公司,福建榕基软件股份有限公司
上市公司,上海新黄浦置业股份有限公司
上市公司,上海新梅置业股份有限公司
上市公司,内蒙古伊利实业集团股份有限公司
上市公司,深圳市建艺装饰集团股份有限公司
上市公司,中远海运发展股份有限公司
上市公司,上海良信电器股份有限公司
上市公司,贵州益佰制药股份有限公司
上市公司,深圳市艾比森光电股份有限公司
上市公司,北京合康新能科技股份有限公司
上市公司,江苏亨通光电股份有限公司
上市公司,湖北三丰智能输送装备股份有限公司
上市公司,长江精工钢结构(集团)股份有限公司
上市公司,天水华天科技股份有限公司
上市公司,北京万邦达环保技术股份有限公司
上市公司,海洋王照明科技股份有限公司
上市公司,深圳市深宝实业股份有限公司
上市公司,号百控股股份有限公司
上市公司,申能股份有限公司
上市公司,深圳市汇川技术股份有限公司
上市公司,深圳市麦达数字股份有限公司
上市公司,湖北盛天网络技术股份有限公司
上市公司,安徽江南化工股份有限公司
上市公司,上海润欣科技股份有限公司
上市公司,信达地产股份有限公司
上市公司,中成进出口股份有限公司
上市公司,利亚德光电股份有限公司
上市公司,科大国创软件股份有限公司
上市公司,恒生电子股份有限公司
上市公司,上海申通地铁股份有限公司
上市公司,东华工程科技股份有限公司
上市公司,上海建工集团股份有限公司
上市公司,新疆国际实业股份有限公司
上市公司,摩登大道时尚集团股份有限公司
上市公司,张家港富瑞特种装备股份有限公司
上市公司,宁夏新日恒力钢丝绳股份有限公司
上市公司,河南东方银星投资股份有限公司
上市公司,北京晓程科技股份有限公司
上市公司,西藏旅游股份有限公司
上市公司,深圳赤湾港航股份有限公司
上市公司,上海豫园旅游商城股份有限公司
上市公司,神雾环保技术股份有限公司
上市公司,中富通股份有限公司
上市公司,厦门瑞尔特卫浴科技股份有限公司
上市公司,金字火腿股份有限公司
上市公司,重庆华森制药股份有限公司
上市公司,希努尔男装股份有限公司
上市公司,冠城大通股份有限公司
上市公司,福建凤竹纺织科技股份有限公司
上市公司,烟台双塔食品股份有限公司
上市公司,常州亚玛顿股份有限公司
上市公司,内蒙古鄂尔多斯资源股份有限公司
上市公司,江西富祥药业股份有限公司
上市公司,福建龙净环保股份有限公司
上市公司,山东新华医疗器械股份有限公司
上市公司,安徽水利开发股份有限公司
上市公司,江铃汽车股份有限公司
上市公司,浙江华媒控股股份有限公司
上市公司,安徽富煌钢构股份有限公司
上市公司,广博集团股份有限公司
上市公司,深圳海联讯科技股份有限公司
上市公司,浙江和仁科技股份有限公司
上市公司,万马科技股份有限公司
上市公司,中核苏阀科技实业股份有限公司
上市公司,深圳市路畅科技股份有限公司
上市公司,深圳万润科技股份有限公司
上市公司,北京汉邦高科数字技术股份有限公司
上市公司,松德智慧装备股份有限公司
上市公司,深圳市崇达电路技术股份有限公司
上市公司,深圳市盛讯达科技股份有限公司
上市公司,浙江田中精机股份有限公司
上市公司,鸿博股份有限公司
上市公司,浙江尤夫高新纤维股份有限公司
上市公司,江苏南大光电材料股份有限公司
上市公司,山东双一科技股份有限公司
上市公司,天奇自动化工程股份有限公司
上市公司,广东塔牌集团股份有限公司
上市公司,中牧实业股份有限公司
上市公司,山东地矿股份有限公司
上市公司,保定乐凯新材料股份有限公司
上市公司,江苏恒瑞医药股份有限公司
上市公司,常州天晟新材料股份有限公司
上市公司,广州赛意信息科技股份有限公司
上市公司,浙江亿利达风机股份有限公司
上市公司,深圳市天地(集团)股份有限公司
上市公司,肇庆华锋电子铝箔股份有限公司
上市公司,烟台张裕葡萄酿酒股份有限公司
上市公司,云南鸿翔一心堂药业(集团)股份有限公司
上市公司,深圳市中洲投资控股股份有限公司
上市公司,方大集团股份有限公司
上市公司,山东恒邦冶炼股份有限公司
上市公司,甘肃陇神戎发药业股份有限公司
上市公司,新疆北新路桥集团股份有限公司
上市公司,兰州佛慈制药股份有限公司
上市公司,江苏弘业股份有限公司
上市公司,深圳市英维克科技股份有限公司
上市公司,广州阳普医疗科技股份有限公司
上市公司,深圳市欣天科技股份有限公司
上市公司,飞亚达(集团)股份有限公司
上市公司,西安通源石油科技股份有限公司
上市公司,东阿阿胶股份有限公司
上市公司,华讯方舟股份有限公司
上市公司,深圳市优博讯科技股份有限公司
上市公司,川化股份有限公司
上市公司,恒力石化股份有限公司
上市公司,昆明云内动力股份有限公司
上市公司,安徽丰原药业股份有限公司
上市公司,深圳齐心集团股份有限公司
上市公司,厦门弘信电子科技股份有限公司
上市公司,茂名石化实华股份有限公司
上市公司,瀚蓝环境股份有限公司
上市公司,广东凌霄泵业股份有限公司
上市公司,山东威达机械股份有限公司
上市公司,四川国光农化股份有限公司
上市公司,华闻传媒投资集团股份有限公司
上市公司,上海绿庭投资控股集团股份有限公司
上市公司,苏州晶瑞化学股份有限公司
上市公司,四川富临运业集团股份有限公司
上市公司,浙江美力科技股份有限公司
上市公司,上海龙头(集团)股份有限公司
上市公司,北京东方园林环境股份有限公司
上市公司,江西三鑫医疗科技股份有限公司
上市公司,深圳市飞马国际供应链股份有限公司
上市公司,福耀玻璃工业集团股份有限公司
上市公司,福建东百集团股份有限公司
上市公司,江苏江南高纤股份有限公司
上市公司,广州珠江实业开发股份有限公司
上市公司,江苏澳洋顺昌股份有限公司
上市公司,奥飞娱乐股份有限公司
上市公司,莱茵达体育发展股份有限公司
上市公司,南方汇通股份有限公司
上市公司,长沙景嘉微电子股份有限公司
上市公司,西南证券股份有限公司
上市公司,东方网力科技股份有限公司
上市公司,湖南华凯文化创意股份有限公司
上市公司,贵阳朗玛信息技术股份有限公司
上市公司,鼎捷软件股份有限公司
上市公司,北京同有飞骥科技股份有限公司
上市公司,广东皮阿诺科学艺术家居股份有限公司
上市公司,中孚信息股份有限公司
上市公司,北京百华悦邦科技股份有限公司
上市公司,蓝思科技股份有限公司
上市公司,杭州初灵信息技术股份有限公司
上市公司,重庆梅安森科技股份有限公司
上市公司,康美药业股份有限公司
上市公司,昆药集团股份有限公司
上市公司,浙江爱仕达电器股份有限公司
上市公司,袁隆平农业高科技股份有限公司
上市公司,华仁药业股份有限公司
上市公司,佛山电器照明股份有限公司
上市公司,好想你健康食品股份有限公司
上市公司,深圳市富安娜家居用品股份有限公司
上市公司,北京华胜天成科技股份有限公司
上市公司,沈阳新松机器人自动化股份有限公司
上市公司,用友网络科技股份有限公司
上市公司,山东金城医药集团股份有限公司
上市公司,哈尔滨九洲电气股份有限公司
上市公司,览海医疗产业投资股份有限公司
上市公司,深圳市铁汉生态环境股份有限公司
上市公司,周大生珠宝股份有限公司
上市公司,中广核核技术发展股份有限公司
上市公司,贵阳新天药业股份有限公司
上市公司,深圳市天健(集团)股份有限公司
上市公司,厦门市建筑科学研究院集团股份有限公司
上市公司,招商局蛇口工业区控股股份有限公司
上市公司,阳光城集团股份有限公司
上市公司,神思电子技术股份有限公司
上市公司,京蓝科技股份有限公司
上市公司,江苏恩华药业股份有限公司
上市公司,健民药业集团股份有限公司
上市公司,天津红日药业股份有限公司
上市公司,重庆三圣实业股份有限公司
上市公司,苏州罗普斯金铝业股份有限公司
上市公司,四川海特高新技术股份有限公司
上市公司,北京科锐国际人力资源股份有限公司
上市公司,北京东方国信科技股份有限公司
上市公司,北京万集科技股份有限公司
上市公司,上海汇纳信息科技股份有限公司
上市公司,北京京西文化旅游股份有限公司
上市公司,湖南友谊阿波罗商业股份有限公司
上市公司,北京双鹭药业股份有限公司
上市公司,北方导航控制技术股份有限公司
上市公司,九芝堂股份有限公司
上市公司,北京金自天正智能控制股份有限公司
上市公司,华润三九医药股份有限公司
上市公司,中山大学达安基因股份有限公司
上市公司,四川科伦药业股份有限公司
上市公司,上海美特斯邦威服饰股份有限公司
上市公司,昇兴集团股份有限公司
上市公司,浙江苏泊尔股份有限公司
上市公司,宜华生活科技股份有限公司
上市公司,北京九强生物技术股份有限公司
上市公司,华天酒店集团股份有限公司
上市公司,湘潭电机股份有限公司
上市公司,四川达威科技股份有限公司
上市公司,上海梅林正广和股份有限公司
上市公司,杭州海康威视数字技术股份有限公司
上市公司,深圳市瑞凌实业股份有限公司
上市公司,中矿资源勘探股份有限公司
上市公司,银泰资源股份有限公司
上市公司,北京华联商厦股份有限公司
上市公司,邦讯技术股份有限公司
上市公司,深圳市联得自动化装备股份有限公司
上市公司,欣旺达电子股份有限公司
上市公司,启迪设计集团股份有限公司
上市公司,上海华测导航技术股份有限公司
上市公司,上海古鳌电子科技股份有限公司
上市公司,北京东土科技股份有限公司
上市公司,广州普邦园林股份有限公司
上市公司,广州天赐高新材料股份有限公司
上市公司,牧原食品股份有限公司
上市公司,深圳市物业发展(集团)股份有限公司
上市公司,财信国兴地产发展股份有限公司
上市公司,葵花药业集团股份有限公司
上市公司,北京掌趣科技股份有限公司
上市公司,岭南生态文旅股份有限公司
上市公司,深圳赛格股份有限公司
上市公司,经纬纺织机械股份有限公司
上市公司,上海机场(集团)有限公司
上市公司,广州尚品宅配家居股份有限公司
上市公司,北京中长石基信息技术股份有限公司
上市公司,天津瑞普生物技术股份有限公司
上市公司,深圳开立生物医疗科技股份有限公司
上市公司,上海透景生命科技股份有限公司
上市公司,建新矿业股份有限责任公司
上市公司,珠海世纪鼎利科技股份有限公司
上市公司,中信国安信息产业股份有限公司
上市公司,中源协和细胞基因工程股份有限公司
上市公司,青海春天药用资源科技股份有限公司
上市公司,上海新时达电气股份有限公司
上市公司,深圳市奥拓电子股份有限公司
上市公司,深圳市建筑科学研究院股份有限公司
上市公司,浙江大华技术股份有限公司
上市公司,深圳市安奈儿股份有限公司
上市公司,深圳诺普信农化股份有限公司
上市公司,深圳市兆新能源股份有限公司
上市公司,深圳长城开发科技股份有限公司
上市公司,湖南科创信息技术股份有限公司
上市公司,深圳瑞和建筑装饰股份有限公司
上市公司,北京嘉寓门窗幕墙股份有限公司
上市公司,浙江海翔药业股份有限公司
上市公司,广州惠威电声科技股份有限公司
上市公司,深圳市今天国际物流技术股份有限公司
上市公司,深圳市名雕装饰股份有限公司
上市公司,歌尔股份有限公司
上市公司,武汉力源信息技术股份有限公司
上市公司,中国中期投资股份有限公司
上市公司,深圳科士达科技股份有限公司
上市公司,新疆国统管道股份有限公司
上市公司,金安国纪科技股份有限公司
上市公司,北京光线传媒股份有限公司
上市公司,安琪酵母股份有限公司
上市公司,江门甘蔗化工厂(集团)股份有限公司
上市公司,天津膜天膜科技股份有限公司
上市公司,青岛市恒顺众昇集团股份有限公司
上市公司,深圳拓邦股份有限公司
上市公司,国民技术股份有限公司
上市公司,深圳市富满电子集团股份有限公司
上市公司,蓝帆医疗股份有限公司
上市公司,浙江东晶电子股份有限公司
上市公司,三安光电股份有限公司
上市公司,梅花生物科技集团股份有限公司
上市公司,中青旅控股股份有限公司
上市公司,深圳市银宝山新科技股份有限公司
上市公司,成都爱乐达航空制造股份有限公司
上市公司,潮州三环(集团)股份有限公司
上市公司,天津九安医疗电子股份有限公司
上市公司,广州达意隆包装机械股份有限公司
上市公司,湖北富邦科技股份有限公司
上市公司,上海二三四五网络控股集团股份有限公司
上市公司,广东海印集团股份有限公司
上市公司,广东万和新电气股份有限公司
上市公司,天津绿茵景观生态建设股份有限公司
上市公司,四川金石东方新材料设备股份有限公司
上市公司,西安达刚路面机械股份有限公司
上市公司,成都振芯科技股份有限公司
上市公司,无锡威孚高科技集团股份有限公司
上市公司,阜新德尔汽车部件股份有限公司
上市公司,中外运空运发展股份有限公司
上市公司,西安天和防务技术股份有限公司
上市公司,金亚科技股份有限公司
上市公司,光一科技股份有限公司
上市公司,北新集团建材股份有限公司
上市公司,浙江伟星新型建材股份有限公司
上市公司,江苏云意电气股份有限公司
上市公司,西部证券股份有限公司
上市公司,成都泰合健康科技集团股份有限公司
上市公司,南京聚隆科技股份有限公司
上市公司,中国平安保险(集团)股份有限公司
上市公司,易联众信息技术股份有限公司
上市公司,中科院成都信息技术股份有限公司
上市公司,启明信息技术股份有限公司
上市公司,中电环保股份有限公司
上市公司,江苏三六五网络股份有限公司
上市公司,江苏雷利电机股份有限公司
上市公司,通化金马药业集团股份有限公司
上市公司,北京东方中科集成科技股份有限公司
上市公司,乐歌人体工学科技股份有限公司
上市公司,烟台中宠食品股份有限公司
上市公司,兴业银行股份有限公司
上市公司,南京新联电子股份有限公司
上市公司,北京捷成世纪科技股份有限公司
上市公司,江苏恒顺醋业股份有限公司
上市公司,积成电子股份有限公司
上市公司,广州智光电气股份有限公司
上市公司,陕西广电网络传媒(集团)股份有限公司
上市公司,江苏润和软件股份有限公司
上市公司,宝胜科技创新股份有限公司
上市公司,中国中材国际工程股份有限公司
上市公司,深圳市金溢科技股份有限公司
上市公司,无锡宝通科技股份有限公司
上市公司,红宝丽集团股份有限公司
上市公司,昆山新莱洁净应用材料股份有限公司
上市公司,江苏南方轴承股份有限公司
上市公司,江苏奥力威传感高科股份有限公司
上市公司,福建圣农发展股份有限公司
上市公司,四川天邑康和通信股份有限公司
上市公司,九阳股份有限公司
上市公司,江苏久吾高科技股份有限公司
上市公司,国脉科技股份有限公司
上市公司,中山联合光电科技股份有限公司
上市公司,罗莱生活科技股份有限公司
上市公司,苏州天孚光通信股份有限公司
上市公司,南京寒锐钴业股份有限公司
上市公司,深圳王子新材料股份有限公司
上市公司,汉鼎宇佑互联网股份有限公司
上市公司,腾邦国际商业服务集团股份有限公司
上市公司,深圳市迪威迅股份有限公司
上市公司,东易日盛家居装饰集团股份有限公司
上市公司,上海新世界股份有限公司
上市公司,深圳科创新源新材料股份有限公司
上市公司,珠海华发实业股份有限公司
上市公司,新天科技股份有限公司
上市公司,华明电力装备股份有限公司
上市公司,濮阳濮耐高温材料(集团)股份有限公司
上市公司,武汉长江通信产业集团股份有限公司
上市公司,广东嘉应制药股份有限公司
上市公司,大连天宝绿色食品股份有限公司
上市公司,珠海港股份有限公司
上市公司,上海汉得信息技术股份有限公司
上市公司,广东安居宝数码科技股份有限公司
上市公司,佳都新太科技股份有限公司
上市公司,深圳英飞拓科技股份有限公司
上市公司,广东万里马实业股份有限公司
上市公司,江苏联环药业股份有限公司
上市公司,上海雪榕生物科技股份有限公司
上市公司,山东龙泉管道工程股份有限公司
上市公司,福建广生堂药业股份有限公司
上市公司,浙江迦南科技股份有限公司
上市公司,丝路视觉科技股份有限公司
上市公司,浙江日发精密机械股份有限公司
上市公司,北京先进数通信息技术股份公司
上市公司,东方财富信息股份有限公司
上市公司,石家庄以岭药业股份有限公司
上市公司,飞天诚信科技股份有限公司
上市公司,楚天科技股份有限公司
上市公司,深圳和而泰智能控制股份有限公司
上市公司,哈尔滨博实自动化股份有限公司
上市公司,健康元药业集团股份有限公司
上市公司,东莞捷荣技术股份有限公司
上市公司,深圳市蓝海华腾技术股份有限公司
上市公司,爱尔眼科医院集团股份有限公司
上市公司,北京三夫户外用品股份有限公司
上市公司,澳柯玛股份有限公司
上市公司,比音勒芬服饰股份有限公司
上市公司,宁波横河模具股份有限公司
上市公司,常州千红生化制药股份有限公司
上市公司,嘉事堂药业股份有限公司
上市公司,普洛药业股份有限公司
上市公司,江苏舜天股份有限公司
上市公司,北京当升材料科技股份有限公司
上市公司,广东风华高新科技股份有限公司
上市公司,浙江钱江摩托股份有限公司
上市公司,深圳可立克科技股份有限公司
上市公司,东莞勤上光电股份有限公司
上市公司,福建星云电子股份有限公司
上市公司,中信证券股份有限公司
上市公司,蓝盾信息安全技术股份有限公司
上市公司,深圳市捷顺科技实业股份有限公司
上市公司,北京盛通印刷股份有限公司
上市公司,深圳新宙邦科技股份有限公司
上市公司,苏宁易购集团股份有限公司
上市公司,太龙(福建)商业照明股份有限公司
上市公司,安泰科技股份有限公司
上市公司,佩蒂动物营养科技股份有限公司
上市公司,量子高科(中国)生物股份有限公司
上市公司,北京利尔高温材料股份有限公司
上市公司,融捷股份有限公司
上市公司,上海安诺其集团股份有限公司
上市公司,广东猛狮新能源科技股份有限公司
上市公司,北京三聚环保新材料股份有限公司
上市公司,梦网荣信科技集团股份有限公司
上市公司,宇环数控机床股份有限公司
上市公司,国海证券股份有限公司
上市公司,美盈森集团股份有限公司
上市公司,众信旅游集团股份有限公司
上市公司,辽宁奥克化学股份有限公司
上市公司,深圳市得润电子股份有限公司
上市公司,上海康达化工新材料股份有限公司
上市公司,茂硕电源科技股份有限公司
上市公司,无锡商业大厦大东方股份有限公司
上市公司,上海泰胜风能装备股份有限公司
上市公司,苏州恒久光电科技股份有限公司
上市公司,通策医疗投资股份有限公司
上市公司,北京华远意通热力科技股份有限公司
上市公司,上海现代制药股份有限公司
上市公司,江阴海达橡塑股份有限公司
上市公司,重庆宗申动力机械股份有限公司
上市公司,浙商中拓集团股份有限公司
上市公司,深圳市通产丽星股份有限公司
上市公司,江西赣锋锂业股份有限公司
上市公司,广东奥飞数据科技股份有限公司
上市公司,江苏九鼎新材料股份有限公司
上市公司,厦门合兴包装印刷股份有限公司
上市公司,深圳市星源材质科技股份有限公司
上市公司,南通江山农药化工股份有限公司
上市公司,天津汽车模具股份有限公司
上市公司,上海金力泰化工股份有限公司
上市公司,江苏中旗科技股份有限公司
上市公司,上海科泰电源股份有限公司
上市公司,深圳丹邦科技股份有限公司
上市公司,上海安硕信息技术股份有限公司
上市公司,深圳天源迪科信息技术股份有限公司
上市公司,广州市昊志机电股份有限公司
上市公司,江苏新美星包装机械股份有限公司
上市公司,索菲亚家居股份有限公司
上市公司,珠海格力电器股份有限公司
上市公司,美年大健康产业控股股份有限公司
上市公司,珠海和佳医疗设备股份有限公司
上市公司,深圳市佳士科技股份有限公司
上市公司,深圳市凯中精密技术股份有限公司
上市公司,比亚迪股份有限公司
上市公司,博彦科技股份有限公司
上市公司,四川川大智胜软件股份有限公司
上市公司,湖北京山轻工机械股份有限公司
上市公司,三川智慧科技股份有限公司
上市公司,康跃科技股份有限公司
上市公司,浙江我武生物科技股份有限公司
上市公司,江苏中天科技股份有限公司
上市公司,珠海市乐通化工股份有限公司
上市公司,广东香山衡器集团股份有限公司
上市公司,宁波银行股份有限公司
上市公司,中文在线数字出版集团股份有限公司
上市公司,乐视网信息技术(北京)股份有限公司
上市公司,广汇能源股份有限公司
上市公司,南宁八菱科技股份有限公司
上市公司,江阴电工合金股份有限公司
上市公司,深圳赫美集团股份有限公司
上市公司,当代东方投资股份有限公司
上市公司,利尔化学股份有限公司
上市公司,阳光电源股份有限公司
上市公司,深圳市特尔佳科技股份有限公司
上市公司,深圳华控赛格股份有限公司
上市公司,成都深冷液化设备股份有限公司
上市公司,辽宁曙光汽车集团股份有限公司
上市公司,广西柳工机械股份有限公司
上市公司,江苏鱼跃医疗设备股份有限公司
上市公司,郑州三晖电气股份有限公司
上市公司,西安国际医学投资股份有限公司
上市公司,康得新复合材料集团股份有限公司
上市公司,马应龙药业集团股份有限公司
上市公司,海波重型工程科技股份有限公司
上市公司,亚夏汽车股份有限公司
上市公司,郑州华晶金刚石股份有限公司
上市公司,湖南长高高压开关集团股份公司
上市公司,北京恒华伟业科技股份有限公司
上市公司,浙江新安化工集团股份有限公司
上市公司,上海新文化传媒集团股份有限公司
上市公司,浙江卫星石化股份有限公司
上市公司,浙江南都电源动力股份有限公司
上市公司,江苏哈工智能机器人股份有限公司
上市公司,江苏联发纺织股份有限公司
上市公司,北京鼎汉技术股份有限公司
上市公司,万科企业股份有限公司
上市公司,苏交科集团股份有限公司
上市公司,广誉远中药股份有限公司
上市公司,瑞康医药股份有限公司
上市公司,广东顺威精密塑料股份有限公司
上市公司,华夏航空股份有限公司
上市公司,大族激光科技产业集团股份有限公司
上市公司,浙江新和成股份有限公司
上市公司,浙江康恩贝制药股份有限公司
上市公司,宁波韵升股份有限公司
上市公司,广州万孚生物技术股份有限公司
上市公司,华仪电气股份有限公司
上市公司,宁波江丰电子材料股份有限公司
上市公司,广东劲胜智能集团股份有限公司
上市公司,康芝药业股份有限公司
上市公司,深圳市昌红科技股份有限公司
上市公司,深圳市中装建设集团股份有限公司
上市公司,崇义章源钨业股份有限公司
上市公司,北京银信长远科技股份有限公司
上市公司,新奥生态控股股份有限公司
上市公司,河北常山生化药业股份有限公司
上市公司,中国南方航空股份有限公司
上市公司,广州白云山医药集团股份有限公司
上市公司,广东国立科技股份有限公司
上市公司,江苏维尔利环保科技股份有限公司
上市公司,华孚时尚股份有限公司
上市公司,广东新宝电器股份有限公司
上市公司,上海中信信息发展股份有限公司
上市公司,英飞特电子(杭州)股份有限公司
上市公司,深圳太辰光通信股份有限公司
上市公司,深圳市飞荣达科技股份有限公司
上市公司,浙江众合科技股份有限公司
上市公司,广东英联包装股份有限公司
上市公司,中交地产股份有限公司
上市公司,上海汇通能源股份有限公司
上市公司,杭州先锋电子技术股份有限公司
上市公司,跨境通宝电子商务股份有限公司
上市公司,四川久远银海软件股份有限公司
上市公司,上海创兴资源开发股份有限公司
上市公司,广东广州日报传媒股份有限公司
上市公司,上海亚通股份有限公司
上市公司,雅本化学股份有限公司
上市公司,康力电梯股份有限公司
上市公司,创业软件股份有限公司
上市公司,重庆莱美药业股份有限公司
上市公司,湖北楚天高速公路股份有限公司
上市公司,厦门光莆电子股份有限公司
上市公司,杭州锅炉集团股份有限公司
上市公司,浙江康盛股份有限公司
上市公司,浙江永贵电器股份有限公司
上市公司,湖北鼎龙控股股份有限公司
上市公司,西陇科学股份有限公司
上市公司,厦门盈趣科技股份有限公司
上市公司,安科瑞电气股份有限公司
上市公司,巨轮智能装备股份有限公司
上市公司,广州海鸥住宅工业股份有限公司
上市公司,中国建设银行股份有限公司
上市公司,北京中科三环高技术股份有限公司
上市公司,报喜鸟控股股份有限公司
上市公司,浙江乔治白服饰股份有限公司
上市公司,北京星网宇达科技股份有限公司
上市公司,广州高澜节能技术股份有限公司
上市公司,欣龙控股(集团)股份有限公司
上市公司,北京君正集成电路股份有限公司
上市公司,湛江国联水产开发股份有限公司
上市公司,新界泵业集团股份有限公司
上市公司,广东雪莱特光电科技股份有限公司
上市公司,北京安达维尔科技股份有限公司
上市公司,五矿发展股份有限公司
上市公司,广东科达洁能股份有限公司
上市公司,利达光电股份有限公司
上市公司,四川长虹电器股份有限公司
上市公司,招商证券股份有限公司
上市公司,广东东阳光科技控股股份有限公司
上市公司,泰尔重工股份有限公司
上市公司,人人乐连锁商业集团股份有限公司
上市公司,苏州中来光伏新材股份有限公司
上市公司,北京中关村科技发展(控股)股份有限公司
上市公司,中天金融集团股份有限公司
上市公司,深圳市爱迪尔珠宝股份有限公司
上市公司,深圳市易尚展示股份有限公司
上市公司,上海悦心健康集团股份有限公司
上市公司,常熟瑞特电气股份有限公司
上市公司,深南电路股份有限公司
上市公司,大博医疗科技股份有限公司
上市公司,盛屯矿业集团股份有限公司
上市公司,大恒新纪元科技股份有限公司
上市公司,广州东凌国际投资股份有限公司
上市公司,徐州科融环境资源股份有限公司
上市公司,北京数字政通科技股份有限公司
上市公司,山东圣阳电源股份有限公司
上市公司,佛山市国星光电股份有限公司
上市公司,辽宁科隆精细化工股份有限公司
上市公司,山东鲁亿通智能电气股份有限公司
上市公司,湖北菲利华石英玻璃股份有限公司
上市公司,石家庄通合电子科技股份有限公司
上市公司,云南白药集团股份有限公司
上市公司,申万宏源集团股份有限公司
上市公司,上海浦东发展银行股份有限公司
上市公司,广东星徽精密制造股份有限公司
上市公司,伊戈尔电气股份有限公司
上市公司,蒙娜丽莎集团股份有限公司
上市公司,科大智能科技股份有限公司
上市公司,山东英科医疗用品股份有限公司
上市公司,成都云图控股股份有限公司
上市公司,中国太平洋保险(集团)股份有限公司
上市公司,北京东方雨虹防水技术股份有限公司
上市公司,温州意华接插件股份有限公司
上市公司,北京碧水源科技股份有限公司
上市公司,恒泰艾普集团股份有限公司
上市公司,绵阳富临精工机械股份有限公司
上市公司,广东海川智能机器股份有限公司
上市公司,克明面业股份有限公司
上市公司,腾达建设集团股份有限公司
上市公司,中国中煤能源股份有限公司
上市公司,佛山市南华仪器股份有限公司
上市公司,上海三毛企业(集团)股份有限公司
上市公司,重庆渝开发股份有限公司
上市公司,数源科技股份有限公司
上市公司,北京光环新网科技股份有限公司
上市公司,山西东杰智能物流装备股份有限公司
上市公司,广东精艺金属股份有限公司
上市公司,上海广泽食品科技股份有限公司
上市公司,国电南京自动化股份有限公司
上市公司,深圳同兴达科技股份有限公司
上市公司,商赢环球股份有限公司
上市公司,金地(集团)股份有限公司
上市公司,深圳莱宝高科技股份有限公司
上市公司,湖南科力尔电机股份有限公司
上市公司,金轮蓝海股份有限公司
上市公司,湖北凯龙化工集团股份有限公司
上市公司,广东威华股份有限公司
上市公司,杭州园林设计院股份有限公司
上市公司,上海百润投资控股集团股份有限公司
上市公司,TCL集团股份有限公司
上市公司,美康生物科技股份有限公司
上市公司,四川迅游网络科技股份有限公司
上市公司,海伦钢琴股份有限公司
上市公司,四川川润股份有限公司
上市公司,浙江英特集团股份有限公司
上市公司,河南瑞贝卡发制品股份有限公司
上市公司,宁波维科精华集团股份有限公司
上市公司,宁波华翔电子股份有限公司
上市公司,河南四方达超硬材料股份有限公司
上市公司,浙江万里扬股份有限公司
上市公司,四川广安爱众股份有限公司
上市公司,中国有色金属建设股份有限公司
上市公司,奥维通信股份有限公司
上市公司,惠而浦(中国)股份有限公司
上市公司,北京科锐配电自动化股份有限公司
上市公司,东软集团股份有限公司
上市公司,太平洋证券股份有限公司
上市公司,恒康医疗集团股份有限公司
上市公司,重庆啤酒股份有限公司
上市公司,精华制药集团股份有限公司
上市公司,立讯精密工业股份有限公司
上市公司,安徽安科生物工程(集团)股份有限公司
上市公司,深圳世联行地产顾问股份有限公司
上市公司,北京腾信创新网络营销技术股份有限公司
上市公司,杭州中泰深冷技术股份有限公司
上市公司,杭州天目山药业股份有限公司
上市公司,武汉华中数控股份有限公司
上市公司,湖北回天新材料股份有限公司
上市公司,上海复星医药(集团)股份有限公司
上市公司,天津天海投资发展股份有限公司
上市公司,山东新北洋信息技术股份有限公司
上市公司,宁波均胜电子股份有限公司
上市公司,天圣制药集团股份有限公司
上市公司,安徽华信国际控股股份有限公司
上市公司,众应互联科技股份有限公司
上市公司,深圳市信维通信股份有限公司
上市公司,广东柏堡龙股份有限公司
上市公司,厦门建发股份有限公司
上市公司,陕西盘龙药业集团股份有限公司
上市公司,山东沃华医药科技股份有限公司
上市公司,上海华鑫股份有限公司
上市公司,国投电力控股股份有限公司
上市公司,国投中鲁果汁股份有限公司
上市公司,深圳市洪涛装饰股份有限公司
上市公司,江苏中利集团股份有限公司
上市公司,国信证券股份有限公司
上市公司,民盛金科控股股份有限公司
上市公司,金发拉比妇婴童用品股份有限公司
上市公司,中国南玻集团股份有限公司
上市公司,华灿光电股份有限公司
上市公司,兴源环境科技股份有限公司
上市公司,荣盛房地产发展股份有限公司
上市公司,广联达科技股份有限公司
上市公司,海通证券股份有限公司
上市公司,武汉海特生物制药股份有限公司
上市公司,中国宝安集团股份有限公司
上市公司,上海置信电气股份有限公司
上市公司,中能电气股份有限公司
上市公司,上海复旦复华科技股份有限公司
上市公司,鹏起科技发展股份有限公司
上市公司,上海莱士血液制品股份有限公司
上市公司,福建雪人股份有限公司
上市公司,东港股份有限公司
上市公司,广东盛路通信科技股份有限公司
上市公司,南京宝色股份公司
上市公司,华工科技产业股份有限公司
上市公司,杭州集智机电股份有限公司
上市公司,深圳市理邦精密仪器股份有限公司
上市公司,北京世纪瑞尔技术股份有限公司
上市公司,广东燕塘乳业股份有限公司
上市公司,江苏飞力达国际物流股份有限公司
上市公司,深圳明阳电路科技股份有限公司
上市公司,广东高乐玩具股份有限公司
上市公司,上海顺灏新材料科技股份有限公司
上市公司,中国东方航空股份有限公司
上市公司,上海华东电脑股份有限公司
上市公司,上海贝岭股份有限公司
上市公司,武汉理工光科股份有限公司
上市公司,山东山大华特科技股份有限公司
上市公司,欧普康视科技股份有限公司
上市公司,金龙机电股份有限公司
上市公司,沧州明珠塑料股份有限公司
上市公司,晨光生物科技集团股份有限公司
上市公司,横店集团东磁股份有限公司
上市公司,文一三佳科技股份有限公司
上市公司,汇中仪表股份有限公司
上市公司,安徽黄山胶囊股份有限公司
上市公司,哈尔滨秋林集团股份有限公司
上市公司,金宇生物技术股份有限公司
上市公司,浙大网新科技股份有限公司
上市公司,青岛伟隆阀门股份有限公司
上市公司,美盛文化创意股份有限公司
上市公司,厦门乾照光电股份有限公司
上市公司,厦门三维丝环保股份有限公司
上市公司,福建海源自动化机械股份有限公司
上市公司,哈尔滨三联药业股份有限公司
上市公司,天舟文化股份有限公司
上市公司,株洲千金药业股份有限公司
上市公司,绿康生化股份有限公司
上市公司,方大特钢科技股份有限公司
上市公司,金健米业股份有限公司
上市公司,武汉三特索道集团股份有限公司
上市公司,新疆机械研究院股份有限公司
上市公司,杭州星帅尔电器股份有限公司
上市公司,上海第一医药股份有限公司
上市公司,宁夏青龙管业股份有限公司
上市公司,新疆合金投资股份有限公司
上市公司,深圳市燃气集团股份有限公司
上市公司,中基健康产业股份有限公司
上市公司,云赛智联股份有限公司
上市公司,智度科技股份有限公司
上市公司,湖北广济药业股份有限公司
上市公司,北京梅泰诺通信技术股份有限公司
上市公司,特一药业集团股份有限公司
上市公司,北京中石伟业科技股份有限公司
上市公司,河南双汇投资发展股份有限公司
上市公司,紫光股份有限公司
上市公司,锦州港股份有限公司
上市公司,睿康文远电缆股份有限公司
上市公司,大连易世达新能源发展股份有限公司
上市公司,高新兴科技集团股份有限公司
上市公司,天康生物股份有限公司
上市公司,恒信东方文化股份有限公司
上市公司,凌云工业股份有限公司
上市公司,福建福日电子股份有限公司
上市公司,中兴通讯股份有限公司
上市公司,广州毅昌科技股份有限公司
上市公司,道明光学股份有限公司
上市公司,甘肃皇台酒业股份有限公司
上市公司,第一创业证券股份有限公司
上市公司,山东日科化学股份有限公司
上市公司,华帝股份有限公司
上市公司,金圆水泥股份有限公司
上市公司,湖北瀛通通讯线材股份有限公司
上市公司,河北先河环保科技股份有限公司
上市公司,北京合众思壮科技股份有限公司
上市公司,精伦电子股份有限公司
上市公司,江苏农华智慧农业科技股份有限公司
上市公司,苏州苏试试验集团股份有限公司
上市公司,华自科技股份有限公司
上市公司,上海电气集团股份有限公司
上市公司,德艺文化创意集团股份有限公司
上市公司,江苏金陵体育器材股份有限公司
上市公司,深圳市爱施德股份有限公司
上市公司,中航电测仪器股份有限公司
上市公司,浙江金固股份有限公司
上市公司,大亚圣象家居股份有限公司
上市公司,江苏凤凰置业投资股份有限公司
上市公司,快乐购物股份有限公司
上市公司,旺能环境股份有限公司
上市公司,皇氏集团股份有限公司
上市公司,德华兔宝宝装饰新材股份有限公司
上市公司,华西能源工业股份有限公司
上市公司,通化葡萄酒股份有限公司
上市公司,广州广电运通金融电子股份有限公司
上市公司,浙江盾安人工环境股份有限公司
上市公司,云南沃森生物技术股份有限公司
上市公司,思美传媒股份有限公司
上市公司,惠州硕贝德无线科技股份有限公司
上市公司,东莞发展控股股份有限公司
上市公司,木林森股份有限公司
上市公司,珠海中富实业股份有限公司
上市公司,山东三维石化工程股份有限公司
上市公司,广东乐心医疗电子股份有限公司
上市公司,深圳市东方嘉盛供应链股份有限公司
上市公司,厦门安妮股份有限公司
上市公司,融钰集团股份有限公司
上市公司,三诺生物传感股份有限公司
上市公司,广东翔鹭钨业股份有限公司
上市公司,湖南华升股份有限公司
上市公司,江苏常宝钢管股份有限公司
上市公司,长缆电工科技股份有限公司
上市公司,湖北兴发化工集团股份有限公司
上市公司,中联重科股份有限公司
上市公司,中珠医疗控股股份有限公司
上市公司,汕头万顺包装材料股份有限公司
上市公司,北京飞利信科技股份有限公司
上市公司,北京超图软件股份有限公司
上市公司,科大讯飞股份有限公司
上市公司,沈阳远大智能工业集团股份有限公司
上市公司,深圳市英威腾电气股份有限公司
上市公司,青岛啤酒股份有限公司
上市公司,杭州泰格医药科技股份有限公司
上市公司,高斯贝尔数码科技股份有限公司
上市公司,众业达电气股份有限公司
上市公司,拓维信息系统股份有限公司
上市公司,广东美联新材料股份有限公司
上市公司,烽火通信科技股份有限公司
上市公司,深圳市普路通供应链管理股份有限公司
上市公司,山东益生种畜禽股份有限公司
上市公司,中国医药健康产业股份有限公司
上市公司,乐普(北京)医疗器械股份有限公司
上市公司,北京康斯特仪表科技股份有限公司
上市公司,贵州信邦制药股份有限公司
上市公司,北京航天长峰股份有限公司
上市公司,北京四维图新科技股份有限公司
上市公司,北京双杰电气股份有限公司
上市公司,苏州金螳螂建筑装饰股份有限公司
上市公司,唐人神集团股份有限公司
上市公司,湖北新洋丰肥业股份有限公司
上市公司,山西证券股份有限公司
上市公司,广东伊之密精密机械股份有限公司
上市公司,华谊兄弟传媒股份有限公司
上市公司,博雅生物制药集团股份有限公司
上市公司,北京神州泰岳软件股份有限公司
上市公司,云南云投生态环境科技股份有限公司
上市公司,沈阳兴齐眼药股份有限公司
上市公司,安通控股股份有限公司
上市公司,金正大生态工程集团股份有限公司
上市公司,中化岩土集团股份有限公司
上市公司,中体产业集团股份有限公司
上市公司,一品红药业股份有限公司
上市公司,利欧集团股份有限公司
上市公司,北京久其软件股份有限公司
上市公司,杭州华星创业通信技术股份有限公司
上市公司,天邦食品股份有限公司
上市公司,太空智造股份有限公司
上市公司,广州航新航空科技股份有限公司
上市公司,惠州市德赛西威汽车电子股份有限公司
上市公司,深圳市美芝装饰设计工程股份有限公司
上市公司,湖南博云新材料股份有限公司
上市公司,东方电子股份有限公司
上市公司,深圳市长亮科技股份有限公司
上市公司,信雅达系统工程股份有限公司
上市公司,深圳广田集团股份有限公司
上市公司,深圳市联建光电股份有限公司
上市公司,武汉农尚环境股份有限公司
上市公司,二六三网络通信股份有限公司
上市公司,万方城镇投资发展股份有限公司
上市公司,深圳市奇信建设集团股份有限公司
上市公司,恒锋信息科技股份有限公司
上市公司,江苏金智科技股份有限公司
上市公司,烟台龙源电力技术股份有限公司
上市公司,湖南发展集团股份有限公司
上市公司,上海加冷松芝汽车空调股份有限公司
上市公司,广东拓斯达科技股份有限公司
上市公司,浩云科技股份有限公司
上市公司,浙江京新药业股份有限公司
上市公司,深圳市容大感光科技股份有限公司
上市公司,格林美股份有限公司
上市公司,高伟达软件股份有限公司
上市公司,天津利安隆新材料股份有限公司
上市公司,北京思特奇信息技术股份有限公司
上市公司,中百控股集团股份有限公司
上市公司,广东韶能集团股份有限公司
上市公司,福建浔兴拉链科技股份有限公司
上市公司,宜宾天原集团股份有限公司
上市公司,天壕环境股份有限公司
上市公司,上海东富龙科技股份有限公司
上市公司,福建七匹狼实业股份有限公司
上市公司,深圳市赢时胜信息技术股份有限公司
上市公司,贤丰控股股份有限公司
上市公司,武汉天喻信息产业股份有限公司
上市公司,上海沃施园艺股份有限公司
上市公司,大禹节水集团股份有限公司
上市公司,航天工业发展股份有限公司
上市公司,浙江凯恩特种材料股份有限公司
上市公司,广州中海达卫星导航技术股份有限公司
上市公司,广东冠豪高新技术股份有限公司
上市公司,上海申华控股股份有限公司
上市公司,天津经纬电材股份有限公司
上市公司,上海巴安水务股份有限公司
上市公司,阳光新业地产股份有限公司
上市公司,武汉光迅科技股份有限公司
上市公司,广东东方精工科技股份有限公司
上市公司,北京佳讯飞鸿电气股份有限公司
上市公司,珠海全志科技股份有限公司
上市公司,烟台东诚药业集团股份有限公司
上市公司,四川北方硝化棉股份有限公司
上市公司,成都天翔环境股份有限公司
上市公司,广东宜通世纪科技股份有限公司
上市公司,江苏传艺科技股份有限公司
上市公司,南京奥联汽车电子电器股份有限公司
上市公司,江苏华信新材料股份有限公司
上市公司,吉林亚泰(集团)股份有限公司
上市公司,南京全信传输科技股份有限公司
上市公司,江苏扬农化工股份有限公司
上市公司,上海海得控制系统股份有限公司
上市公司,江苏红豆实业股份有限公司
上市公司,广州迪森热能技术股份有限公司
上市公司,沈阳萃华金银珠宝股份有限公司
上市公司,西安标准工业股份有限公司
上市公司,通鼎互联信息股份有限公司
上市公司,盈峰环境科技集团股份有限公司
上市公司,青岛英派斯健康科技股份有限公司
上市公司,成都运达科技股份有限公司
上市公司,苏州安洁科技股份有限公司
上市公司,成都红旗连锁股份有限公司
上市公司,国睿科技股份有限公司
上市公司,银邦金属复合材料股份有限公司
上市公司,江苏悦达投资股份有限公司
上市公司,宁波理工环境能源科技股份有限公司
上市公司,中化国际(控股)股份有限公司
上市公司,河北汇金机电股份有限公司
上市公司,南京云海特种金属股份有限公司
上市公司,赛摩电气股份有限公司
上市公司,无锡洪汇新材料科技股份有限公司
上市公司,北海银河生物产业投资股份有限公司
上市公司,深圳市新纶科技股份有限公司
上市公司,无锡市太极实业股份有限公司
上市公司,四川天一科技股份有限公司
上市公司,中国高科集团股份有限公司
上市公司,成都富森美家居股份有限公司
上市公司,苏州宝馨科技实业股份有限公司
上市公司,北京诚益通控制工程科技股份有限公司
上市公司,深圳文科园林股份有限公司
上市公司,北京北辰实业股份有限公司
上市公司,广州御银科技股份有限公司
上市公司,深圳市三利谱光电科技股份有限公司
上市公司,浙江精功科技股份有限公司
上市公司,广东三雄极光照明股份有限公司
上市公司,亿阳信通股份有限公司
上市公司,东信和平科技股份有限公司
上市公司,彩讯科技股份有限公司
上市公司,深圳市卓翼科技股份有限公司
上市公司,海思科医药集团股份有限公司
上市公司,广州弘亚数控机械股份有限公司
上市公司,思源电气股份有限公司
上市公司,上海延华智能科技(集团)股份有限公司
上市公司,万通智控科技股份有限公司
上市公司,赞宇科技集团股份有限公司
上市公司,深圳冰川网络股份有限公司
上市公司,北京中创信测科技股份有限公司
上市公司,上海科华生物工程股份有限公司
上市公司,宁波戴维医疗器械股份有限公司
上市公司,深圳市朗科智能电气股份有限公司
上市公司,浙江祥源文化股份有限公司
上市公司,天马微电子股份有限公司
上市公司,深圳市芭田生态工程股份有限公司
上市公司,天津长荣科技集团股份有限公司
上市公司,北京雪迪龙科技股份有限公司
上市公司,深圳中青宝互动网络股份有限公司
上市公司,南京药石科技股份有限公司
上市公司,上海嘉麟杰纺织品股份有限公司
上市公司,浙江森马服饰股份有限公司
上市公司,深圳市怡亚通供应链股份有限公司
上市公司,浙江海正药业股份有限公司
上市公司,广东省广告集团股份有限公司
上市公司,浙江东南网架股份有限公司
上市公司,上海柴油机股份有限公司
上市公司,浙江亚厦装饰股份有限公司
上市公司,兄弟科技股份有限公司
上市公司,易事特集团股份有限公司
上市公司,东方日升新能源股份有限公司
上市公司,同方股份有限公司
上市公司,深圳市证通电子股份有限公司
上市公司,浙江正元智慧科技股份有限公司
上市公司,中潜股份有限公司
上市公司,广东溢多利生物科技股份有限公司
上市公司,深圳市瑞丰光电子股份有限公司
上市公司,深圳市劲拓自动化设备股份有限公司
上市公司,万达信息股份有限公司
上市公司,北京大北农科技集团股份有限公司
上市公司,杭州长川科技股份有限公司
上市公司,深圳市同为数码科技股份有限公司
上市公司,上海汉钟精机股份有限公司
上市公司,宁波双林汽车部件股份有限公司
上市公司,武汉精测电子集团股份有限公司
上市公司,深圳市科陆电子科技股份有限公司
上市公司,广东光华科技股份有限公司
上市公司,江苏银河电子股份有限公司
上市公司,招商局能源运输股份有限公司
上市公司,冠昊生物科技股份有限公司
上市公司,太极计算机股份有限公司
上市公司,北京荣之联科技股份有限公司
上市公司,北京耐威科技股份有限公司
上市公司,华昌达智能装备集团股份有限公司
上市公司,东方国际创业股份有限公司
上市公司,大连友谊(集团)股份有限公司
上市公司,宝鼎科技股份有限公司
上市公司,上海普利特复合材料股份有限公司
上市公司,北京北斗星通导航技术股份有限公司
上市公司,苏州中科创新型材料股份有限公司
上市公司,东江环保股份有限公司
上市公司,佛山佛塑科技集团股份有限公司
上市公司,上海新朋实业股份有限公司
上市公司,新海宜科技集团股份有限公司
上市公司,浙江嘉欣丝绸股份有限公司
上市公司,广东凯普生物科技股份有限公司
上市公司,宋城演艺发展股份有限公司
上市公司,黑牡丹(集团)股份有限公司
上市公司,湖南电广传媒股份有限公司
上市公司,航天信息股份有限公司
上市公司,上海华虹计通智能系统股份有限公司
上市公司,万达电影股份有限公司
上市公司,荣安地产股份有限公司
上市公司,江苏捷捷微电子股份有限公司
上市公司,浙江长盛滑动轴承股份有限公司
上市公司,浙江嘉化能源化工股份有限公司
上市公司,江龙船艇科技股份有限公司
上市公司,北京赛升药业股份有限公司
上市公司,万泽实业股份有限公司
上市公司,深圳康泰生物制品股份有限公司
上市公司,南国置业股份有限公司
上市公司,鸿达兴业股份有限公司
上市公司,苏州天华超净科技股份有限公司
上市公司,宁波先锋新材料股份有限公司
上市公司,科顺防水科技股份有限公司
上市公司,钱江水利开发股份有限公司
上市公司,搜于特集团股份有限公司
上市公司,洽洽食品股份有限公司
上市公司,北京北陆药业股份有限公司
上市公司,獐子岛集团股份有限公司
上市公司,广州集泰化工股份有限公司
上市公司,宁波中百股份有限公司
上市公司,北京利德曼生化股份有限公司
上市公司,道道全粮油股份有限公司
上市公司,思创医惠科技股份有限公司
上市公司,中航航空高科技股份有限公司
上市公司,天津力生制药股份有限公司
上市公司,迪瑞医疗科技股份有限公司
上市公司,北京新雷能科技股份有限公司
上市公司,大众交通(集团)股份有限公司
上市公司,深圳市聚飞光电股份有限公司
上市公司,江苏百川高科新材料股份有限公司
上市公司,深圳市赢合科技股份有限公司
上市公司,旷达科技集团股份有限公司
上市公司,华宝香精股份有限公司
上市公司,鸿利智汇集团股份有限公司
上市公司,深圳市名家汇科技股份有限公司
上市公司,奥士康科技股份有限公司
上市公司,深圳市广聚能源股份有限公司
上市公司,广州金逸影视传媒股份有限公司
上市公司,香溢融通控股集团股份有限公司
上市公司,浙江永太科技股份有限公司
上市公司,厦门艾德生物医药科技股份有限公司
上市公司,北京合纵科技股份有限公司
上市公司,方正科技集团股份有限公司
上市公司,浙江兆丰机电股份有限公司
上市公司,深圳翰宇药业股份有限公司
上市公司,武汉东湖高新集团股份有限公司
上市公司,长沙岱勒新材料科技股份有限公司
上市公司,金科地产集团股份有限公司
上市公司,上海维宏电子科技股份有限公司
上市公司,深圳四方精创资讯股份有限公司
上市公司,宁波波导股份有限公司
上市公司,烟台正海生物科技股份有限公司
上市公司,深圳金信诺高新技术股份有限公司
上市公司,云南临沧鑫圆锗业股份有限公司
上市公司,山鹰国际控股股份公司
上市公司,包头东宝生物技术股份有限公司
上市公司,聚龙股份有限公司
上市公司,新兴铸管股份有限公司
上市公司,云南城投置业股份有限公司
上市公司,海南普利制药股份有限公司
上市公司,兴民智通(集团)股份有限公司
上市公司,江苏东华测试技术股份有限公司
上市公司,广东众生药业股份有限公司
上市公司,中科创达软件股份有限公司
上市公司,东方集团股份有限公司
上市公司,欧浦智网股份有限公司
上市公司,广东鸿特精密技术股份有限公司
上市公司,内蒙古北方重型汽车股份有限公司
上市公司,瑞茂通供应链管理股份有限公司
上市公司,中顺洁柔纸业股份有限公司
上市公司,上海富瀚微电子股份有限公司
上市公司,北大医药股份有限公司
上市公司,江苏凯伦建材股份有限公司
上市公司,上海新阳半导体材料股份有限公司
上市公司,福安药业(集团)股份有限公司
上市公司,朗姿股份有限公司
上市公司,中工国际工程股份有限公司
上市公司,东风电子科技股份有限公司
上市公司,北京三元食品股份有限公司
上市公司,厦门亿联网络技术股份有限公司
上市公司,大商股份有限公司
上市公司,上海金桥出口加工区开发股份有限公司
上市公司,探路者控股集团股份有限公司
上市公司,国家电投集团远达环保股份有限公司
上市公司,网宿科技股份有限公司
上市公司,神州数码信息服务股份有限公司
上市公司,四川中光防雷科技股份有限公司
上市公司,苏州电器科学研究院股份有限公司
上市公司,山西振东制药股份有限公司
上市公司,四川水井坊股份有限公司
上市公司,电连技术股份有限公司
上市公司,华平信息技术股份有限公司
上市公司,鹏博士电信传媒集团股份有限公司
上市公司,华东建筑集团股份有限公司
上市公司,国药集团药业股份有限公司
上市公司,苏州固锝电子股份有限公司
上市公司,苏州斯莱克精密设备股份有限公司
上市公司,深圳市英可瑞科技股份有限公司
上市公司,内蒙古福瑞医疗科技股份有限公司
上市公司,四川成飞集成科技股份有限公司
上市公司,杭州平治信息技术股份有限公司
上市公司,江苏永鼎股份有限公司
上市公司,四川川投能源股份有限公司
上市公司,广东德美精细化工集团股份有限公司
上市公司,武汉金运激光股份有限公司
上市公司,三一重工股份有限公司
上市公司,江苏亚太轻合金科技股份有限公司
上市公司,四川金顶(集团)股份有限公司
上市公司,申科滑动轴承股份有限公司
上市公司,天润曲轴股份有限公司
上市公司,银座集团股份有限公司
上市公司,深圳市全新好股份有限公司
上市公司,深圳雷柏科技股份有限公司
上市公司,天通控股股份有限公司
上市公司,正源控股股份有限公司
上市公司,龙元建设集团股份有限公司
上市公司,北京必创科技股份有限公司
上市公司,宁夏建材集团股份有限公司
上市公司,哈尔滨中飞新技术股份有限公司
上市公司,珠海赛隆药业股份有限公司
上市公司,广东宝莱特医用科技股份有限公司
上市公司,星辉互动娱乐股份有限公司
上市公司,河南太龙药业股份有限公司
上市公司,北京拓尔思信息技术股份有限公司
上市公司,安徽中电兴发与鑫龙科技股份有限公司
上市公司,广晟有色金属股份有限公司
上市公司,安徽铜峰电子股份有限公司
上市公司,杭州滨江房产集团股份有限公司
上市公司,深圳市皇庭国际企业股份有限公司
上市公司,浙江水晶光电科技股份有限公司
上市公司,浙江世纪华通集团股份有限公司
上市公司,华映科技(集团)股份有限公司
上市公司,青岛金王应用化学股份有限公司
上市公司,浙江亚太机电股份有限公司
上市公司,厦门吉宏包装科技股份有限公司
上市公司,中原环保股份有限公司
上市公司,深圳市宇顺电子股份有限公司
上市公司,吉林吉大通信设计院股份有限公司
上市公司,海南航空控股股份有限公司
上市公司,河南通达电缆股份有限公司
上市公司,威海广泰空港设备股份有限公司
上市公司,新疆天顺供应链股份有限公司
上市公司,珠海光库科技股份有限公司
上市公司,深圳市科达利实业股份有限公司
上市公司,海洋石油工程股份有限公司
上市公司,德奥通用航空股份有限公司
上市公司,佛山市金银河智能装备股份有限公司
上市公司,胜宏科技(惠州)股份有限公司
上市公司,科林环保装备股份有限公司
上市公司,北京无线天利移动信息技术股份有限公司
上市公司,浙富控股集团股份有限公司
上市公司,柳州两面针股份有限公司
上市公司,安徽安利材料科技股份有限公司
上市公司,山东世纪天鸿文教科技股份有限公司
上市公司,宜华健康医疗股份有限公司
上市公司,中节能万润股份有限公司
上市公司,永和流体智控股份有限公司
上市公司,华斯控股股份有限公司
上市公司,广州恒运企业集团股份有限公司
上市公司,浙江明牌珠宝股份有限公司
上市公司,江苏霞客环保色纺股份有限公司
上市公司,浙江双环传动机械股份有限公司
上市公司,长鹰信质科技股份有限公司
上市公司,山东赫达股份有限公司
上市公司,上海力盛赛车文化股份有限公司
上市公司,广东生益科技股份有限公司
上市公司,浙江网盛生意宝股份有限公司
上市公司,东莞铭普光磁股份有限公司
上市公司,国光电器股份有限公司
上市公司,浙江晶盛机电股份有限公司
上市公司,浙江航民股份有限公司
上市公司,中昌大数据股份有限公司
上市公司,浙江仙琚制药股份有限公司
上市公司,上海普天邮通科技股份有限公司
上市公司,软控股份有限公司
上市公司,深圳市远望谷信息技术股份有限公司
上市公司,上海凯宝药业股份有限公司
上市公司,山东联创互联网传媒股份有限公司
上市公司,大连圣亚旅游控股股份有限公司
上市公司,广东鸿图科技股份有限公司
上市公司,安徽盛运环保(集团)股份有限公司
上市公司,浙江洁美电子科技股份有限公司
上市公司,上海浦东路桥建设股份有限公司
上市公司,华塑控股股份有限公司
上市公司,南兴装备股份有限公司
上市公司,顾地科技股份有限公司
上市公司,国药集团一致药业股份有限公司
上市公司,北京万通地产股份有限公司
上市公司,上海飞乐音响股份有限公司
上市公司,上海强生控股股份有限公司
上市公司,高升控股股份有限公司
上市公司,华东医药股份有限公司
上市公司,河北衡水老白干酒业股份有限公司
上市公司,湖南湘邮科技股份有限公司
上市公司,成都华气厚普机电设备股份有限公司
上市公司,北方华创科技集团股份有限公司
上市公司,泰豪科技股份有限公司
上市公司,新疆众和股份有限公司
上市公司,江苏安靠智能输电工程科技股份有限公司
上市公司,山河智能装备股份有限公司
上市公司,宁波康强电子股份有限公司
上市公司,华北制药股份有限公司
上市公司,宜宾五粮液股份有限公司
上市公司,上海界龙实业集团股份有限公司
上市公司,广州市爱司凯科技股份有限公司
上市公司,陕西省国际信托股份有限公司
上市公司,深圳市亚泰国际建设股份有限公司
上市公司,宁波杉杉股份有限公司
上市公司,大连华锐重工集团股份有限公司
上市公司,海能达通信股份有限公司
上市公司,广东锦龙发展股份有限公司
上市公司,南京公用发展股份有限公司
上市公司,上海市天宸股份有限公司
上市公司,海南瑞泽新型建材股份有限公司
上市公司,广东天际电器股份有限公司
上市公司,浙江核新同花顺网络信息股份有限公司
上市公司,山东赛托生物科技股份有限公司
上市公司,浙江富春江环保热电股份有限公司
上市公司,迈克生物股份有限公司
上市公司,浙江向日葵光能科技股份有限公司
上市公司,深圳世纪星源股份有限公司
上市公司,成都利君实业股份有限公司
上市公司,福建新大陆电脑股份有限公司
上市公司,加加食品集团股份有限公司
上市公司,上海同济科技实业股份有限公司
上市公司,深圳市雄韬电源科技股份有限公司
上市公司,深圳市佳创视讯技术股份有限公司
上市公司,深圳市尚荣医疗股份有限公司
上市公司,湖南中科电气股份有限公司
上市公司,宜宾纸业股份有限公司
上市公司,广东海大集团股份有限公司
上市公司,北京千方科技股份有限公司
上市公司,南京埃斯顿自动化股份有限公司
上市公司,珠海健帆生物科技股份有限公司
上市公司,湖南凯美特气体股份有限公司
上市公司,北汽福田汽车股份有限公司
上市公司,泛海控股股份有限公司
上市公司,东华软件股份公司
上市公司,湖南三德科技股份有限公司
上市公司,华兰生物工程股份有限公司
上市公司,快意电梯股份有限公司
上市公司,广西博世科环保科技股份有限公司
上市公司,龙蟒佰利联集团股份有限公司
上市公司,福建博思软件股份有限公司
上市公司,湖南九典制药股份有限公司
上市公司,富春科技股份有限公司
上市公司,北京辰安科技股份有限公司
上市公司,上海家化联合股份有限公司
上市公司,株洲天桥起重机股份有限公司
上市公司,多喜爱集团股份有限公司
上市公司,重庆博腾制药科技股份有限公司
上市公司,北京华力创通科技股份有限公司
上市公司,迪安诊断技术集团股份有限公司
上市公司,山东龙力生物科技股份有限公司
上市公司,金融街控股股份有限公司
上市公司,海南海药股份有限公司
上市公司,聚光科技(杭州)股份有限公司
上市公司,创业黑马(北京)科技股份有限公司
上市公司,光力科技股份有限公司
上市公司,湖南国科微电子股份有限公司
上市公司,北京清新环境技术股份有限公司
上市公司,锐奇控股股份有限公司
上市公司,北京歌华有线电视网络股份有限公司
上市公司,山西仟源医药集团股份有限公司
上市公司,北京康拓红外技术股份有限公司
上市公司,圣邦微电子(北京)股份有限公司
上市公司,深圳市雄帝科技股份有限公司
上市公司,盐津铺子食品股份有限公司
上市公司,北京空港科技园区股份有限公司
上市公司,云南创新新材料股份有限公司
上市公司,上海海欣集团股份有限公司
上市公司,深圳市纺织(集团)股份有限公司
上市公司,北京高盟新材料股份有限公司
上市公司,珠海恒基达鑫国际化工仓储股份有限公司
上市公司,北京旋极信息技术股份有限公司
上市公司,光明乳业股份有限公司
上市公司,深圳市安车检测股份有限公司
上市公司,浙江东音泵业股份有限公司
上市公司,北京城乡商业(集团)股份有限公司
上市公司,湖南科力远新能源股份有限公司
上市公司,湖南红宇耐磨新材料股份有限公司
上市公司,江苏康缘药业股份有限公司
上市公司,深圳信立泰药业股份有限公司
上市公司,汉威科技集团股份有限公司
上市公司,深圳市卫光生物制品股份有限公司
上市公司,厦门国贸集团股份有限公司
上市公司,北京科蓝软件系统股份有限公司
上市公司,中山大洋电机股份有限公司
上市公司,北京华业资本控股股份有限公司
上市公司,武汉中元华电科技股份有限公司
上市公司,武汉高德红外股份有限公司
上市公司,吉林华微电子股份有限公司
上市公司,北京三联虹普新合纤技术服务股份有限公司
上市公司,深圳达实智能股份有限公司
上市公司,深圳华强实业股份有限公司
上市公司,武汉武商集团股份有限公司
上市公司,珠海欧比特宇航科技股份有限公司
上市公司,山东晨鸣纸业集团股份有限公司
上市公司,无锡先导智能装备股份有限公司
上市公司,深圳市新亚电子制程股份有限公司
上市公司,宣亚国际品牌管理(北京)股份有限公司
上市公司,扬州扬杰电子科技股份有限公司
上市公司,深圳市海王生物工程股份有限公司
上市公司,深圳市民德电子科技股份有限公司
上市公司,江南模塑科技股份有限公司
上市公司,吉林省金冠电气股份有限公司
上市公司,上海交运集团股份有限公司
上市公司,吉林吉恩镍业股份有限公司
上市公司,陕西航天动力高科技股份有限公司
上市公司,江苏天瑞仪器股份有限公司
上市公司,浙江金科文化产业股份有限公司
上市公司,四川雅化实业集团股份有限公司
上市公司,东华能源股份有限公司
上市公司,西藏诺迪康药业股份有限公司
上市公司,深圳市索菱实业股份有限公司
上市公司,深圳市盛弘电气股份有限公司
上市公司,天齐锂业股份有限公司
上市公司,广东佳隆食品股份有限公司
上市公司,苏州市世嘉科技股份有限公司
上市公司,东方通信股份有限公司
上市公司,苏州世名科技股份有限公司
上市公司,成都市新筑路桥机械股份有限公司
上市公司,四川泸天化股份有限公司
上市公司,江苏亚威机床股份有限公司
上市公司,美尚生态景观股份有限公司
上市公司,贝因美婴童食品股份有限公司
上市公司,重庆蓝黛动力传动机械股份有限公司
上市公司,惠州光弘科技股份有限公司
上市公司,江苏德威新材料股份有限公司
上市公司,镇江东方电热科技股份有限公司
上市公司,温州宏丰电工合金股份有限公司
上市公司,浙江亚太药业股份有限公司
上市公司,天海融合防务装备技术股份有限公司
上市公司,中再资源环境股份有限公司
上市公司,金陵饭店股份有限公司
上市公司,浙江友邦集成吊顶股份有限公司
上市公司,安徽金禾实业股份有限公司
上市公司,华润双鹤药业股份有限公司
上市公司,广东红墙新材料股份有限公司
上市公司,珠海润都制药股份有限公司
上市公司,中国天楹股份有限公司
上市公司,康佳集团股份有限公司
上市公司,深南金科股份有限公司
上市公司,浙江广厦股份有限公司
上市公司,运盛(上海)医疗科技股份有限公司
上市公司,深圳市超频三科技股份有限公司
上市公司,上海耀皮玻璃集团股份有限公司
上市公司,广东银禧科技股份有限公司
上市公司,深圳市振业(集团)股份有限公司
上市公司,苏州华源控股股份有限公司
上市公司,广东太安堂药业股份有限公司
上市公司,苏州科斯伍德油墨股份有限公司
上市公司,深圳市大富科技股份有限公司
上市公司,深圳友讯达科技股份有限公司
上市公司,宁波东力股份有限公司
上市公司,浙江中坚科技股份有限公司
上市公司,通化东宝药业股份有限公司
上市公司,华瑞电器股份有限公司
上市公司,诚志股份有限公司
上市公司,厦门三五互联科技股份有限公司
上市公司,黄山永新股份有限公司
上市公司,中信海洋直升机股份有限公司
上市公司,金杯电工股份有限公司
上市公司,岳阳林纸股份有限公司
上市公司,河南黄河旋风股份有限公司
上市公司,中国长城科技集团股份有限公司
上市公司,湖南尔康制药股份有限公司
上市公司,成都康弘药业集团股份有限公司
上市公司,昆明川金诺化工股份有限公司
上市公司,三力士股份有限公司
上市公司,海欣食品股份有限公司
上市公司,沈阳蓝英工业自动化装备股份有限公司
上市公司,深圳市机场股份有限公司
上市公司,朗源股份有限公司
上市公司,新大洲控股股份有限公司
上市公司,广东德豪润达电气股份有限公司
上市公司,纳思达股份有限公司
上市公司,广东世荣兆业股份有限公司
上市公司,茂业商业股份有限公司
上市公司,杭萧钢构股份有限公司
上市公司,广州岭南集团控股股份有限公司
上市公司,江苏大烨智能电气股份有限公司
上市公司,北京恒泰实达科技股份有限公司
上市公司,福建星网锐捷通讯股份有限公司
上市公司,恒宝股份有限公司
上市公司,广宇集团股份有限公司
上市公司,泰禾集团股份有限公司
上市公司,广东通宇通讯股份有限公司
上市公司,杭州顺网科技股份有限公司
上市公司,威创集团股份有限公司
上市公司,杭州巨星科技股份有限公司
上市公司,宁波创源文化发展股份有限公司
上市公司,杭州老板电器股份有限公司
上市公司,天虹商场股份有限公司
上市公司,宁波慈星股份有限公司
上市公司,浙江万马股份有限公司
上市公司,浙江菲达环保科技股份有限公司
上市公司,杭州炬华科技股份有限公司
上市公司,苏州春兴精工股份有限公司
上市公司,成都卫士通信息产业股份有限公司
上市公司,深圳麦格米特电气股份有限公司
上市公司,珠海英搏尔电气股份有限公司
上市公司,深圳市惠程电气股份有限公司
上市公司,汤臣倍健股份有限公司
上市公司,东方明珠新媒体股份有限公司
上市公司,杭州中亚机械股份有限公司
上市公司,深圳市英唐智能控制股份有限公司
上市公司,实丰文化发展股份有限公司
上市公司,常州强力电子新材料股份有限公司
上市公司,广州杰赛科技股份有限公司
上市公司,广州市浪奇实业股份有限公司
上市公司,深圳市金新农科技股份有限公司
上市公司,北京数码视讯科技股份有限公司
上市公司,焦点科技股份有限公司
上市公司,中石化石油机械股份有限公司
上市公司,上海电力股份有限公司
上市公司,传化智联股份有限公司
上市公司,北京立思辰科技股份有限公司
上市公司,河北宝硕股份有限公司
上市公司,航天时代电子技术股份有限公司
上市公司,安信信托股份有限公司
上市公司,江苏宝利国际投资股份有限公司
上市公司,大连三垒机器股份有限公司
上市公司,杭州微光电子股份有限公司
上市公司,上海振华重工(集团)股份有限公司
上市公司,维维食品饮料股份有限公司
上市公司,美好置业集团股份有限公司
上市公司,中国人寿保险股份有限公司
上市公司,广州广日股份有限公司
上市公司,扬州亚星客车股份有限公司
上市公司,万向钱潮股份有限公司
上市公司,江西华伍制动器股份有限公司
上市公司,奥瑞金科技股份有限公司
上市公司,广州鹏辉能源科技股份有限公司
上市公司,多氟多化工股份有限公司
上市公司,海航投资集团股份有限公司
上市公司,北京金一文化发展股份有限公司
上市公司,广东温氏食品集团股份有限公司
上市公司,聚灿光电科技股份有限公司
上市公司,广东超华科技股份有限公司
上市公司,北京元隆雅图文化传播股份有限公司
上市公司,上海康耐特旗计智能科技集团股份有限公司
上市公司,河南省交通规划设计研究院股份有限公司
上市公司,亿利洁能股份有限公司
上市公司,欢瑞世纪联合股份有限公司
上市公司,舍得酒业股份有限公司
上市公司,苏州锦富技术股份有限公司
上市公司,星期六股份有限公司
上市公司,银江股份有限公司
上市公司,光明房地产集团股份有限公司
上市公司,北京电子城投资开发集团股份有限公司
上市公司,浙江佐力药业股份有限公司
上市公司,天顺风能(苏州)股份有限公司
上市公司,协鑫集成科技股份有限公司
上市公司,浙江天宇药业股份有限公司
上市公司,江苏新宁现代物流股份有限公司
上市公司,浙江美大实业股份有限公司
上市公司,郴州市金贵银业股份有限公司
上市公司,北京浩丰创源科技股份有限公司
上市公司,苏州东山精密制造股份有限公司
上市公司,盛达矿业股份有限公司
上市公司,依米康科技集团股份有限公司
上市公司,上海益民商业集团股份有限公司
上市公司,上海岩石企业发展股份有限公司
上市公司,上海同达创业投资股份有限公司
上市公司,浙江扬帆新材料股份有限公司
上市公司,上海申达股份有限公司
上市公司,联化科技股份有限公司
上市公司,天津滨海能源发展股份有限公司
上市公司,重庆市涪陵榨菜集团股份有限公司
上市公司,浙江大立科技股份有限公司
上市公司,凯莱英医药集团(天津)股份有限公司
上市公司,四川日机密封件股份有限公司
上市公司,贝达药业股份有限公司
上市公司,神雾节能股份有限公司
上市公司,常州光洋轴承股份有限公司
上市公司,贵州航天电器股份有限公司
上市公司,甘肃莫高实业发展股份有限公司
上市公司,北京恒通创新赛木科技股份有限公司
上市公司,中航三鑫股份有限公司
上市公司,中弘控股股份有限公司
上市公司,光启技术股份有限公司
上市公司,深圳市盐田港股份有限公司
上市公司,光大嘉宝股份有限公司
上市公司,熊猫金控股份有限公司
上市公司,上海实业发展股份有限公司
上市公司,甘肃刚泰控股(集团)股份有限公司
上市公司,雏鹰农牧集团股份有限公司
上市公司,金财互联控股股份有限公司
上市公司,潍柴动力股份有限公司
上市公司,大连智云自动化装备股份有限公司
上市公司,特变电工股份有限公司
上市公司,上海海立(集团)股份有限公司
上市公司,无锡威唐工业技术股份有限公司
上市公司,南京三超新材料股份有限公司
上市公司,浙江金洲管道科技股份有限公司
上市公司,幸福蓝海影视文化集团股份有限公司
上市公司,浙江华峰氨纶股份有限公司
上市公司,南京中央商场(集团)股份有限公司
上市公司,上海大众公用事业(集团)股份有限公司
上市公司,中颖电子股份有限公司
上市公司,成都高新发展股份有限公司
上市公司,西部金属材料股份有限公司
上市公司,山东得利斯食品股份有限公司
上市公司,东北制药集团股份有限公司
上市公司,中航地产股份有限公司
上市公司,成都西菱动力科技股份有限公司
上市公司,广东文化长城集团股份有限公司
上市公司,海南椰岛(集团)股份有限公司
上市公司,北京东方通科技股份有限公司
上市公司,青岛特锐德电气股份有限公司
上市公司,上海宝信软件股份有限公司
上市公司,深圳市广和通无线股份有限公司
上市公司,暴风集团股份有限公司
上市公司,博深工具股份有限公司
上市公司,上海九百股份有限公司
上市公司,安徽德力日用玻璃股份有限公司
上市公司,四川大通燃气开发股份有限公司
上市公司,杭州远方光电信息股份有限公司
上市公司,安徽国风塑业股份有限公司
上市公司,安徽皖通科技股份有限公司
上市公司,安徽中环环保科技股份有限公司
上市公司,河北建新化工股份有限公司
上市公司,北京威卡威汽车零部件股份有限公司
上市公司,保龄宝生物股份有限公司
上市公司,北京华谊嘉信整合营销顾问集团股份有限公司
上市公司,广州海格通信集团股份有限公司
上市公司,上海汽车集团股份有限公司
上市公司,深圳市拓日新能源科技股份有限公司
上市公司,兰州庄园牧场股份有限公司
上市公司,中科云网科技集团股份有限公司
上市公司,新疆百花村股份有限公司
上市公司,新晨科技股份有限公司
上市公司,海联金汇科技股份有限公司
上市公司,浙江海利得新材料股份有限公司
上市公司,福建永福电力设计股份有限公司
上市公司,重庆三峡油漆股份有限公司
上市公司,中福海峡(平潭)发展股份有限公司
上市公司,厦门日上集团股份有限公司
上市公司,安徽安凯汽车股份有限公司
上市公司,凯盛科技股份有限公司
上市公司,濮阳惠成电子材料股份有限公司
上市公司,奥佳华智能健康科技集团股份有限公司
上市公司,南京化纤股份有限公司
上市公司,广东达安项目管理股份有限公司
上市公司,航天科技控股集团股份有限公司
上市公司,合肥美菱股份有限公司
上市公司,江苏通达动力科技股份有限公司
上市公司,广州珠江啤酒股份有限公司
上市公司,山东鲁阳节能材料股份有限公司
上市公司,江苏吴江中国东方丝绸市场股份有限公司
上市公司,上海外高桥集团股份有限公司
上市公司,浙江伟星实业发展股份有限公司
上市公司,宏达高科控股股份有限公司
上市公司,山东登海种业股份有限公司
上市公司,无锡隆盛科技股份有限公司
上市公司,安徽四创电子股份有限公司
上市公司,山东龙大肉食品股份有限公司
上市公司,湖南梦洁家纺股份有限公司
上市公司,湖南千山制药机械股份有限公司
上市公司,鹭燕医药股份有限公司
上市公司,天地科技股份有限公司
上市公司,广东和胜工业铝材股份有限公司
上市公司,江苏国泰国际集团国贸股份有限公司
上市公司,洛阳隆华传热节能股份有限公司
上市公司,亚光科技集团股份有限公司
上市公司,长沙通程控股股份有限公司
上市公司,格力地产股份有限公司
上市公司,双良节能系统股份有限公司
上市公司,北京动力源科技股份有限公司
上市公司,上海凤凰企业(集团)股份有限公司
上市公司,山东共达电声股份有限公司
上市公司,金发科技股份有限公司
上市公司,江苏正丹化学工业股份有限公司
上市公司,苏州天沃科技股份有限公司
上市公司,潜能恒信能源技术股份有限公司
上市公司,桂林莱茵生物科技股份有限公司
上市公司,上海威尔泰工业自动化股份有限公司
上市公司,贵州红星发展股份有限公司
上市公司,宁波鲍斯能源装备股份有限公司
上市公司,海南神农基因科技股份有限公司
上市公司,天水众兴菌业科技股份有限公司
上市公司,卫宁健康科技集团股份有限公司
上市公司,泸州老窖股份有限公司
上市公司,无锡小天鹅股份有限公司
上市公司,新开普电子股份有限公司
上市公司,中航光电科技股份有限公司
上市公司,深圳万讯自控股份有限公司
上市公司,河南恒星科技股份有限公司
上市公司,步步高商业连锁股份有限公司
上市公司,华测检测认证集团股份有限公司
上市公司,西藏易明西雅医药科技股份有限公司
上市公司,中山公用事业集团股份有限公司
上市公司,江门市科恒实业股份有限公司
上市公司,通富微电子股份有限公司
上市公司,重庆智飞生物制品股份有限公司
上市公司,株洲宏达电子股份有限公司
上市公司,润建通信股份有限公司
上市公司,中国建筑股份有限公司
上市公司,北京北信源软件股份有限公司
上市公司,浙江华策影视股份有限公司
上市公司,北京华联综合超市股份有限公司
上市公司,美克国际家居用品股份有限公司
上市公司,湖北宜昌交运集团股份有限公司
上市公司,上海移为通信技术股份有限公司
上市公司,深圳市科信通信技术股份有限公司
上市公司,金卡智能集团股份有限公司
上市公司,浙江万安科技股份有限公司
上市公司,深圳市农产品股份有限公司
上市公司,天津海泰科技发展股份有限公司
上市公司,长春一汽富维汽车零部件股份有限公司
上市公司,中南红文化集团股份有限公司
上市公司,上海姚记扑克股份有限公司
上市公司,株洲时代新材料科技股份有限公司
上市公司,北京中科金财科技股份有限公司
上市公司,上海凯利泰医疗科技股份有限公司
上市公司,红相股份有限公司
上市公司,招商银行
上市公司,深圳市方直科技股份有限公司
上市公司,北京真视通科技股份有限公司
上市公司,惠州中京电子科技股份有限公司
上市公司,广州博济医药生物技术股份有限公司
上市公司,广东坚朗五金制品股份有限公司
上市公司,鹏欣环球资源股份有限公司
上市公司,深圳市京泉华科技股份有限公司
上市公司,深圳顺络电子股份有限公司
上市公司,深圳市杰恩创意设计股份有限公司
上市公司,通威股份有限公司
上市公司,永清环保股份有限公司
上市公司,昆明百货大楼(集团)股份有限公司
上市公司,江苏长青农化股份有限公司
上市公司,广州市香雪制药股份有限公司
上市公司,四川创意信息技术股份有限公司
上市公司,吴通控股集团股份有限公司
上市公司,西安晨曦航空科技股份有限公司
上市公司,吉林紫鑫药业股份有限公司
上市公司,河北福成五丰食品股份有限公司
上市公司,江西同和药业股份有限公司
上市公司,国盛金融控股集团股份有限公司
上市公司,南京栖霞建设股份有限公司
上市公司,广东长青(集团)股份有限公司
上市公司,北京北纬通信科技股份有限公司
上市公司,深圳市特力(集团)股份有限公司
上市公司,江苏秀强玻璃工艺股份有限公司
上市公司,海默科技(集团)股份有限公司
上市公司,南京科远自动化集团股份有限公司
上市公司,广东新会美达锦纶股份有限公司
上市公司,金龙羽集团股份有限公司
上市公司,孚日集团股份有限公司
上市公司,浙江开尔新材料股份有限公司
上市公司,上海永利带业股份有限公司
上市公司,万兴科技股份有限公司
上市公司,广州广哈通信股份有限公司
上市公司,苏州工业园区和顺电气股份有限公司
上市公司,苏州胜利精密制造科技股份有限公司
上市公司,上海交大昂立股份有限公司
上市公司,无锡华光锅炉股份有限公司
上市公司,广东领益智造股份有限公司
上市公司,江苏雅克科技股份有限公司
上市公司,上海摩恩电气股份有限公司
上市公司,上工申贝(集团)股份有限公司
上市公司,深圳香江控股股份有限公司
上市公司,广东正业科技股份有限公司
上市公司,深圳市奋达科技股份有限公司
上市公司,深圳市裕同包装科技股份有限公司
上市公司,浙江哈尔斯真空器皿股份有限公司
上市公司,舒泰神(北京)生物制药股份有限公司
上市公司,深圳市康达尔(集团)股份有限公司
上市公司,天泽信息产业股份有限公司
上市公司,浙江威星智能仪表股份有限公司
上市公司,浙江阳光照明电器集团股份有限公司
上市公司,西藏奇正藏药股份有限公司
上市公司,上海天玑科技股份有限公司
上市公司,江门市地尔汉宇电器股份有限公司
上市公司,深圳劲嘉集团股份有限公司
上市公司,安徽山河药用辅料股份有限公司
上市公司,西安蓝晓科技新材料股份有限公司
上市公司,成都新易盛通信技术股份有限公司
上市公司,上海宏达矿业股份有限公司
上市公司,合肥美亚光电技术股份有限公司
上市公司,武汉凡谷电子技术股份有限公司
上市公司,厦门延江新材料股份有限公司
上市公司,德尔未来科技控股集团股份有限公司
上市公司,杭州中恒电气股份有限公司
上市公司,上海神开石油化工装备股份有限公司
上市公司,京东方科技集团股份有限公司
上市公司,杭州士兰微电子股份有限公司
上市公司,华鹏飞股份有限公司
上市公司,江苏精研科技股份有限公司
上市公司,广东德生科技股份有限公司
上市公司,上海华铭智能终端设备股份有限公司
上市公司,麦克奥迪(厦门)电气股份有限公司
上市公司,湖北福星科技股份有限公司
上市公司,山东隆基机械股份有限公司
上市公司,厦门信达股份有限公司
上市公司,上海富控互动娱乐股份有限公司
上市公司,新希望六和股份有限公司
上市公司,渤海金控投资股份有限公司
上市公司,上海宽频科技股份有限公司
上市公司,海航凯撒旅游集团股份有限公司
上市公司,广西梧州中恒集团股份有限公司
上市公司,大唐高鸿数据网络技术股份有限公司
上市公司,深圳市长盈精密技术股份有限公司
上市公司,任子行网络技术股份有限公司
上市公司,四川大西洋焊接材料股份有限公司
上市公司,上海新华传媒股份有限公司
上市公司,深圳市沃尔核材股份有限公司
上市公司,广东惠伦晶体科技股份有限公司
上市公司,深圳市同益实业股份有限公司
上市公司,德展大健康股份有限公司
上市公司,天津普林电路股份有限公司
上市公司,天津松江股份有限公司
上市公司,湖南景峰医药股份有限公司
上市公司,武汉三镇实业控股股份有限公司
上市公司,远光软件股份有限公司
上市公司,永高股份有限公司
上市公司,郑州宇通集团有限公司
上市公司,浙报数字文化集团股份有限公司
上市公司,南京海辰药业股份有限公司
上市公司,昆明龙津药业股份有限公司
上市公司,南京红太阳股份有限公司
上市公司,广州市广百股份有限公司
上市公司,新光圆成股份有限公司
上市公司,南京熊猫电子股份有限公司
上市公司,神州长城股份有限公司
上市公司,四川帝王洁具股份有限公司
上市公司,常熟市天银机电股份有限公司
上市公司,浙江银轮机械股份有限公司
上市公司,上海隧道工程股份有限公司
上市公司,杭州万隆光电设备股份有限公司
上市公司,北京首航艾启威节能技术股份有限公司
上市公司,大秦铁路股份有限公司
上市公司,贵州茅台酒股份有限公司
上市公司,无锡路通视信网络股份有限公司
上市公司,汉王科技股份有限公司
上市公司,中国化学工程股份有限公司
上市公司,中航工业机电系统股份有限公司
上市公司,浙江天铁实业股份有限公司
上市公司,福建纳川管材科技股份有限公司
上市公司,福建三木集团股份有限公司
上市公司,河南易成新能源股份有限公司
上市公司,哈尔滨誉衡药业股份有限公司
上市公司,新疆贝肯能源工程股份有限公司
上市公司,福建青松股份有限公司
上市公司,新华都购物广场股份有限公司
上市公司,福建南平太阳电缆股份有限公司
上市公司,浙江华统肉制品股份有限公司
上市公司,贵州川恒化工股份有限公司
上市公司,中国武夷实业股份有限公司
上市公司,华意压缩机股份有限公司
上市公司,河南辉煌科技股份有限公司
上市公司,深圳市维业装饰集团股份有限公司
上市公司,天津天保基建股份有限公司
上市公司,上海金枫酒业股份有限公司
上市公司,麦趣尔集团股份有限公司
上市公司,天津中新药业集团股份有限公司
上市公司,山东仙坛股份有限公司
上市公司,长沙开元仪器股份有限公司
上市公司,山东阳谷华泰化工股份有限公司
上市公司,青岛天能重工股份有限公司
上市公司,河南新野纺织股份有限公司
上市公司,招商银行股份有限公司
上市公司,福建阿石创新材料股份有限公司
上市公司,浙江东日股份有限公司
上市公司,大湖水殖股份有限公司
上市公司,江苏神通阀门股份有限公司
上市公司,北京弘高创意建筑设计股份有限公司
上市公司,中捷资源投资股份有限公司
上市公司,苏州天马精细化学品股份有限公司
上市公司,深圳市桑达实业股份有限公司
上市公司,广东金莱特电器股份有限公司
上市公司,凤凰光学股份有限公司
上市公司,东北证券股份有限公司
上市公司,浙江星星科技股份有限公司
上市公司,凯迪生态环境科技股份有限公司
上市公司,上海纳尔数码喷印材料股份有限公司
上市公司,河南羚锐制药股份有限公司
上市公司,深圳市天威视讯股份有限公司
上市公司,陕西金叶科教集团股份有限公司
上市公司,宁波联合集团股份有限公司
上市公司,南京新街口百货商店股份有限公司
上市公司,中山达华智能科技股份有限公司
上市公司,深圳高速公路股份有限公司
上市公司,中路股份有限公司
上市公司,上海航天汽车机电股份有限公司
上市公司,南方风机股份有限公司
上市公司,西安宝德自动化股份有限公司
上市公司,成都市路桥工程股份有限公司
上市公司,百大集团股份有限公司
上市公司,南方黑芝麻集团股份有限公司
上市公司,深圳市金证科技股份有限公司
上市公司,广发证券股份有限公司
上市公司,上海会畅通讯股份有限公司
上市公司,云南南天电子信息产业股份有限公司
上市公司,江苏宏达新材料股份有限公司
上市公司,河北四通新型金属材料股份有限公司
上市公司,三维通信股份有限公司
上市公司,山东丰元化学股份有限公司
上市公司,通裕重工股份有限公司
上市公司,合肥丰乐种业股份有限公司
上市公司,无锡智能自控工程股份有限公司
上市公司,江苏常铝铝业股份有限公司
上市公司,青岛汉缆股份有限公司
上市公司,河南省西峡汽车水泵股份有限公司
上市公司,深圳奥特迅电力设备股份有限公司
上市公司,湖南新五丰股份有限公司
上市公司,凯撒(中国)文化股份有限公司
上市公司,芜湖长信科技股份有限公司
上市公司,深圳市和科达精密清洗设备股份有限公司
上市公司,江西铜业股份有限公司
上市公司,南京高科股份有限公司
上市公司,浙江步森服饰股份有限公司
上市公司,湖南正虹科技发展股份有限公司
上市公司,宁波热电股份有限公司
上市公司,漳州片仔癀药业股份有限公司
上市公司,中国石油化工集团公司
上市公司,中国工商银行股份有限公司
上市公司,中国银行股份有限公司
上市公司,东风汽车集团股份有限公司
上市公司,交通银行股份有限公司
上市公司,中国铝业股份有限公司
上市公司,中国中车股份有限公司
上市公司,美的集团股份有限公司
上市公司,中国中铁股份有限公司
上市公司,中国冶金科工股份有限公司
上市公司,上海医药集团股份有限公司
上市公司,青岛海尔股份有限公司
上市公司,中国国际航空股份有限公司
上市公司,兖州煤业股份有限公司
上市公司,铜陵有色金属集团股份有限公司
上市公司,紫金矿业集团股份有限公司
上市公司,重庆长安汽车股份有限公司
上市公司,远大产业控股股份有限公司
上市公司,中远海运控股股份有限公司
上市公司,华电国际电力股份有限公司
上市公司,云南铜业股份有限公司
上市公司,大唐国际发电股份有限公司
上市公司,国电电力发展股份有限公司
上市公司,鞍钢股份有限公司
上市公司,顺丰控股股份有限公司
上市公司,山西太钢不锈钢股份有限公司
上市公司,安徽海螺水泥股份有限公司
上市公司,云南云天化股份有限公司
上市公司,安徽江淮汽车集团股份有限公司
上市公司,中国国际海运集装箱(集团)股份有限公司
上市公司,中国石油集团工程股份有限公司
上市公司,山东黄金矿业股份有限公司
上市公司,湖南华菱钢铁股份有限公司
上市公司,山煤国际能源集团股份有限公司
上市公司,中国长江电力股份有限公司
上市公司,马鞍山钢铁股份有限公司
上市公司,北京银行股份有限公司
上市公司,上海百联集团股份有限公司
上市公司,荣盛石化股份有限公司
上市公司,中石化石油工程技术服务股份有限公司
上市公司,北京首钢股份有限公司
上市公司,上海钢联电子商务股份有限公司
上市公司,上海华谊集团股份有限公司
上市公司,神州数码集团股份有限公司
上市公司,中金黄金股份有限公司
上市公司,深圳华侨城股份有限公司
上市公司,甘肃酒钢集团宏兴钢铁股份有限公司
上市公司,老凤祥股份有限公司
上市公司,重庆百货大楼股份有限公司
上市公司,云南锡业股份有限公司
上市公司,东方电气股份有限公司
上市公司,恒逸石化股份有限公司
上市公司,江苏汇鸿国际集团股份有限公司
上市公司,青岛海信电器股份有限公司
上市公司,上海国际港务(集团)股份有限公司
上市公司,内蒙古包钢钢联股份有限公司
上市公司,内蒙古西水创业股份有限公司
上市公司,新余钢铁股份有限公司
上市公司,北京首都开发股份有限公司
上市公司,本钢板材股份有限公司
上市公司,北方华锦化学工业股份有限公司
上市公司,中国石油集团资本股份有限公司
上市公司,西部矿业股份有限公司
上市公司,海信科龙电器股份有限公司
上市公司,南京医药股份有限公司
上市公司,柳州钢铁股份有限公司
上市公司,南京银行股份有限公司
上市公司,新疆金风科技股份有限公司
上市公司,中航飞机股份有限公司
上市公司,新疆中泰化学股份有限公司
上市公司,中船海洋与防务装备股份有限公司
上市公司,一汽轿车股份有限公司
上市公司,广东电力发展股份有限公司
上市公司,中国国旅股份有限公司
上市公司,中国航发动力股份有限公司
上市公司,安阳钢铁股份有限公司
上市公司,厦门金龙汽车集团股份有限公司
上市公司,四川蓝光发展股份有限公司
上市公司,江苏宏图高科技股份有限公司
上市公司,杭州钢铁股份有限公司
上市公司,山西西山煤电股份有限公司
上市公司,江苏长电科技股份有限公司
上市公司,江西正邦科技股份有限公司
上市公司,阳泉煤业(集团)股份有限公司
上市公司,中粮地产(集团)股份有限公司
上市公司,王府井集团股份有限公司
上市公司,广深铁路股份有限公司
上市公司,江苏洋河酒厂股份有限公司
上市公司,海澜之家股份有限公司
上市公司,河南神火煤电股份有限公司
上市公司,徐工集团工程机械股份有限公司
上市公司,圆通速递股份有限公司
上市公司,江苏国信股份有限公司
上市公司,阳煤化工股份有限公司
上市公司,上海物资贸易股份有限公司
上市公司,唐山三友化工股份有限公司
上市公司,天津泰达股份有限公司
上市公司,云南铝业股份有限公司
上市公司,中储发展股份有限公司
上市公司,湖北宜化化工股份有限公司
上市公司,中海油田服务股份有限公司
上市公司,深圳市中金岭南有色金属股份有限公司
上市公司,雅戈尔集团股份有限公司
上市公司,平顶山天安煤业股份有限公司
上市公司,凌源钢铁股份有限公司
上市公司,山东太阳纸业股份有限公司
上市公司,重庆市迪马实业股份有限公司
上市公司,海马汽车集团股份有限公司
上市公司,中华企业股份有限公司
上市公司,哈药集团股份有限公司
上市公司,福建三钢闽光股份有限公司
上市公司,云南驰宏锌锗股份有限公司
上市公司,广东韶钢松山股份有限公司
上市公司,河南中孚实业股份有限公司
上市公司,长江出版传媒股份有限公司
上市公司,上海世茂股份有限公司
上市公司,永泰能源股份有限公司
上市公司,新湖中宝股份有限公司
上市公司,河南豫光金铅股份有限公司
上市公司,中粮屯河糖业股份有限公司
上市公司,华新水泥股份有限公司
上市公司,供销大集集团股份有限公司
上市公司,山东南山铝业股份有限公司
上市公司,长春欧亚集团股份有限公司
上市公司,上海陆家嘴金融贸易区开发股份有限公司
上市公司,中文天地出版传媒股份有限公司
上市公司,株洲冶炼集团股份有限公司
上市公司,浪潮电子信息产业股份有限公司
上市公司,浙江龙盛集团股份有限公司
上市公司,唐山冀东水泥股份有限公司
上市公司,北京蓝色光标品牌管理顾问股份有限公司
上市公司,远东智慧能源股份有限公司
上市公司,合力泰科技股份有限公司
上市公司,航天通信控股集团股份有限公司
上市公司,开滦能源化工股份有限公司
上市公司,北京城建投资发展股份有限公司
上市公司,北京燕京啤酒股份有限公司
上市公司,国电南瑞科技股份有限公司
上市公司,蓝星安迪苏股份有限公司
上市公司,中信银行股份有限公司
上市公司,时代出版传媒股份有限公司
上市公司,中原大地传媒股份有限公司
上市公司,中国全聚德(集团)股份有限公司
上市公司,丽珠医药集团股份有限公司
上市公司,浙江医药股份有限公司
上市公司,金陵药业股份有限公司
上市公司,浙江华海药业股份有限公司
上市公司,湖北济川药业股份有限公司
上市公司,亿帆医药股份有限公司
上市公司,江苏必康制药股份有限公司
上市公司,桂林三金药业股份有限公司
上市公司,江中药业股份有限公司
上市公司,深圳华大基因股份有限公司
上市公司,厦门金达威集团股份有限公司
上市公司,深圳市海普瑞药业集团股份有限公司
上市公司,上海神奇制药投资管理股份有限公司
上市公司,金河生物科技股份有限公司
上市公司,游族网络股份有限公司
上市公司,大连天神娱乐股份有限公司
上市公司,北京首都创业集团有限公司
上市公司,中房置业股份有限公司
上市公司,广州视源电子科技股份有限公司
上市公司,深圳市兆驰股份有限公司
上市公司,中国石化上海石油化工股份有限公司
上市公司,上海紫江企业集团股份有限公司
上市公司,深圳能源集团股份有限公司
上市公司,长园集团股份有限公司
上市公司,大唐电信科技股份有限公司
上市公司,深圳市特发信息股份有限公司
上市公司,深圳日海通讯技术股份有限公司
上市公司,茂业通信网络股份有限公司
上市公司,中国船舶重工集团动力股份有限公司
上市公司,深圳市德赛电池科技股份有限公司
上市公司,天津中环半导体股份有限公司
上市公司,国轩高科股份有限公司
上市公司,中节能太阳能股份有限公司
上市公司,中粮生物化学(安徽)股份有限公司
上市公司,广东宝丽华新能源股份有限公司
上市公司,河南森源电气股份有限公司
上市公司,深圳珈伟光伏照明股份有限公司
上市公司,陕西坚瑞沃能股份有限公司
上市公司,江苏双星彩塑新材料股份有限公司
上市公司,惠州亿纬锂能股份有限公司
上市公司,东旭蓝天新能源股份有限公司
上市公司,厦门钨业股份有限公司
上市公司,诺德投资股份有限公司
上市公司,厦门科华恒盛股份有限公司
上市公司,浙江开山压缩机股份有限公司
上市公司,华能国际电力股份有限公司
上市公司,宁夏银星能源股份有限公司
上市公司,内蒙古远兴能源股份有限公司
上市公司,鲁泰纺织股份有限公司
上市公司,深圳中国农大科技股份有限公司
上市公司,神州高铁技术股份有限公司
上市公司,深圳美丽生态股份有限公司
上市公司,沙河实业股份有限公司
上市公司,深圳中华自行车(集团)股份有限公司
上市公司,深圳中恒华发股份有限公司
上市公司,深圳经济特区房地产(集团)股份有限公司
上市公司,富奥汽车零部件股份有限公司
上市公司,华联控股股份有限公司
上市公司,深圳南山热电股份有限公司
上市公司,深圳大通实业股份有限公司
上市公司,北方国际合作股份有限公司
上市公司,华数传媒控股股份有限公司
上市公司,石家庄常山北明科技股份有限公司
上市公司,许继电气股份有限公司
上市公司,振兴生化股份有限公司
上市公司,山东胜利股份有限公司
上市公司,藏格控股股份有限公司
上市公司,沈阳机床股份有限公司
上市公司,东旭光电科技股份有限公司
上市公司,民生控股股份有限公司
上市公司,合肥百货大楼集团股份有限公司
上市公司,吉林化纤股份有限公司
上市公司,内蒙古兴业矿业股份有限公司
上市公司,广东省高速公路发展股份有限公司
上市公司,张家界旅游集团股份有限公司
上市公司,山东高速路桥集团股份有限公司
上市公司,绿景控股股份有限公司
上市公司,海虹企业(控股)股份有限公司
上市公司,南华生物医药股份有限公司
上市公司,海南京粮控股股份有限公司
上市公司,中润资源投资股份有限公司
上市公司,四川金路集团股份有限公司
上市公司,银基烯碳新材料集团股份有限公司
上市公司,江苏四环生物股份有限公司
上市公司,中兵红箭股份有限公司
上市公司,长航凤凰股份有限公司
上市公司,厦门紫光学大股份有限公司
上市公司,广东广弘控股股份有限公司
上市公司,大连冷冻机股份有限公司
上市公司,珠海华金资本股份有限公司
上市公司,广东万家乐股份有限公司
上市公司,天津广宇发展股份有限公司
上市公司,安徽省皖能股份有限公司
上市公司,金浦钛业股份有限公司
上市公司,湖南投资集团股份有限公司
上市公司,创元科技股份有限公司
上市公司,甘肃靖远煤电股份有限公司
上市公司,湖北沙隆达股份有限公司
上市公司,中国石化山东泰山石油股份有限公司
上市公司,宁夏西部创业实业股份有限公司
上市公司,陕西烽火电子股份有限公司
上市公司,海南海德实业股份有限公司
上市公司,常柴股份有限公司
上市公司,东莞宏远工业区股份有限公司
上市公司,北部湾港股份有限公司
上市公司,东北电气发展股份有限公司
上市公司,四川汇源光通信股份有限公司
上市公司,金洲慈航集团股份有限公司
上市公司,贵州轮胎股份有限公司
上市公司,启迪古汉集团股份有限公司
上市公司,宝塔实业股份有限公司
上市公司,安徽古井贡酒股份有限公司
上市公司,成都市兴蓉环境股份有限公司
上市公司,青岛双星股份有限公司
上市公司,河北建投能源投资股份有限公司
上市公司,渤海水业股份有限公司
上市公司,神州易桥信息服务股份有限公司
上市公司,北京中迪投资股份有限公司
上市公司,西安旅游股份有限公司
上市公司,内蒙古天首科技发展股份有限公司
上市公司,焦作万方铝业股份有限公司
上市公司,海南大东海旅游中心股份有限公司
上市公司,京汉实业投资股份有限公司
上市公司,芜湖海螺型材科技股份有限公司
上市公司,新华联文化旅游发展股份有限公司
上市公司,恒立实业发展集团股份有限公司
上市公司,吉林敖东药业集团股份有限公司
上市公司,天茂实业集团股份有限公司
上市公司,攀钢集团钒钛资源股份有限公司
上市公司,顺发恒业股份公司
上市公司,宁夏英力特化工股份有限公司
上市公司,西王食品股份有限公司
上市公司,山东金岭矿业股份有限公司
上市公司,中钨高新材料股份有限公司
上市公司,长春高新技术产业(集团)股份有限公司
上市公司,天夏智慧城市科技股份有限公司
上市公司,福建省永安林业(集团)股份有限公司
上市公司,湖北省广播电视信息网络股份有限公司
上市公司,荣丰控股集团股份有限公司
上市公司,金鸿控股集团股份有限公司
上市公司,盈方微电子股份有限公司
上市公司,甘肃上峰水泥股份有限公司
上市公司,恒天海龙股份有限公司
上市公司,襄阳汽车轴承股份有限公司
上市公司,山推工程机械股份有限公司
上市公司,视觉(中国)文化发展股份有限公司
上市公司,海南亚太实业发展股份有限公司
上市公司,沈阳惠天热电股份有限公司
上市公司,成都华泽钴镍材料股份有限公司
上市公司,陕西炼石有色资源股份有限公司
上市公司,沈阳化工股份有限公司
上市公司,浙江震元股份有限公司
上市公司,湖北双环科技股份有限公司
上市公司,大冶特殊钢股份有限公司
上市公司,河钢股份有限公司
上市公司,成都市贝瑞和康基因技术股份有限公司
上市公司,中兴-沈阳商业大厦(集团)股份有限公司
上市公司,苏宁环球股份有限公司
上市公司,山东新能泰山发电股份有限公司
上市公司,西安饮食股份有限公司
上市公司,山西美锦能源股份有限公司
上市公司,南京华东电子信息科技股份有限公司
上市公司,国元证券股份有限公司
上市公司,四川美丰化工股份有限公司
上市公司,中国振华(集团)科技股份有限公司
上市公司,罗牛山股份有限公司
上市公司,南风化工集团股份有限公司
上市公司,中国航发动力控制股份有限公司
上市公司,葫芦岛锌业股份有限公司
上市公司,福建漳州发展股份有限公司
上市公司,山西三维集团股份有限公司
上市公司,山东新华制药股份有限公司
上市公司,四川浩物机电股份有限公司
上市公司,斯太尔动力股份有限公司
上市公司,西藏矿业发展股份有限公司
上市公司,山西漳泽电力股份有限公司
上市公司,兰州三毛实业股份有限公司
上市公司,内蒙古平庄能源股份有限公司
上市公司,长江证券股份有限公司
上市公司,武汉中商集团股份有限公司
上市公司,江西万年青水泥股份有限公司
上市公司,甘肃电投能源发展股份有限公司
上市公司,青海盐湖工业股份有限公司
上市公司,英洛华科技股份有限公司
上市公司,中水集团远洋股份有限公司
上市公司,酒鬼酒股份有限公司
上市公司,四川九洲电器股份有限公司
上市公司,四川金宇汽车城(集团)股份有限公司
上市公司,铁岭新城投资控股股份有限公司
上市公司,创维数字股份有限公司
上市公司,冰轮环境技术股份有限公司
上市公司,中冶美利云产业投资股份有限公司
上市公司,航锦科技股份有限公司
上市公司,岳阳兴长石化股份有限公司
上市公司,山东海化股份有限公司
上市公司,广东汕头超声电子股份有限公司
上市公司,鲁西化工集团股份有限公司
上市公司,五矿稀土股份有限公司
上市公司,广西贵糖(集团)股份有限公司
上市公司,长城国际动漫游戏股份有限公司
上市公司,天津鑫茂科技股份有限公司
上市公司,秦川机床工具集团股份公司
上市公司,河北承德露露股份有限公司
上市公司,安徽华茂纺织股份有限公司
上市公司,唐山冀东装备工程股份有限公司
上市公司,北京顺鑫农业股份有限公司
上市公司,三湘印象股份有限公司
上市公司,吉林电力股份有限公司
上市公司,新疆天山水泥股份有限公司
上市公司,潍柴重机股份有限公司
上市公司,湖北能源集团股份有限公司
上市公司,河南同力水泥股份有限公司
上市公司,海南高速公路股份有限公司
上市公司,安徽中鼎密封件股份有限公司
上市公司,峨眉山旅游股份有限公司
上市公司,江苏法尔胜股份有限公司
上市公司,江西赣能股份有限公司
上市公司,现代投资股份有限公司
上市公司,厦门港务发展股份有限公司
上市公司,南宁糖业股份有限公司
上市公司,嘉凯城集团股份有限公司
上市公司,哈尔滨电气集团佳木斯电机股份有限公司
上市公司,河北宣化工程机械股份有限公司
上市公司,天津一汽夏利汽车股份有限公司
上市公司,中钢国际工程技术股份有限公司
上市公司,兰州黄河企业股份有限公司
上市公司,四川双马水泥股份有限公司
上市公司,江苏华西村股份有限公司
上市公司,冀中能源股份有限公司
上市公司,新乡化纤股份有限公司
上市公司,重药控股股份有限公司
上市公司,中国重汽集团济南卡车股份有限公司
上市公司,广西河池化工股份有限公司
上市公司,中通客车控股股份有限公司
上市公司,国家电投集团东方新能源股份有限公司
上市公司,宁夏东方钽业股份有限公司
上市公司,国电长源电力股份有限公司
上市公司,山西蓝焰控股股份有限公司
上市公司,广东华铁通达高铁装备股份有限公司
上市公司,桂林旅游股份有限公司
上市公司,众泰汽车股份有限公司
上市公司,银亿股份有限公司
上市公司,宁夏中银绒业股份有限公司
上市公司,大庆华科股份有限公司
上市公司,广州越秀金融控股集团股份有限公司
上市公司,福建闽东电力股份有限公司
上市公司,河南豫能控股股份有限公司
上市公司,招商局公路网络科技控股股份有限公司
上市公司,华邦生命健康股份有限公司
上市公司,分众传媒信息技术股份有限公司
上市公司,丽江玉龙旅游股份有限公司
上市公司,联创电子科技股份有限公司
上市公司,贵州久联民爆器材发展股份有限公司
上市公司,贵州黔源电力股份有限公司
上市公司,南京港股份有限公司
上市公司,洛阳轴研科技股份有限公司
上市公司,深圳市宝鹰建设控股集团股份有限公司
上市公司,紫光国芯股份有限公司
上市公司,浙江三花智能控制股份有限公司
上市公司,深圳市同洲电子股份有限公司
上市公司,云南能源投资股份有限公司
上市公司,中钢集团安徽天源科技股份有限公司
上市公司,云南旅游股份有限公司
上市公司,广东水电二局股份有限公司
上市公司,浙江交通科技股份有限公司
上市公司,宏润建设集团股份有限公司
上市公司,瑞泰科技股份有限公司
上市公司,浙江景兴纸业股份有限公司
上市公司,江西黑猫炭黑股份有限公司
上市公司,福建众和股份有限公司
上市公司,长城影视股份有限公司
上市公司,凯瑞德控股股份有限公司
上市公司,江苏沙钢股份有限公司
上市公司,江苏大港股份有限公司
上市公司,万邦德新材股份有限公司
上市公司,浙江万丰奥威汽轮股份有限公司
上市公司,山东东方海洋科技股份有限公司
上市公司,湖南南岭民用爆破器材股份有限公司
上市公司,冠福控股股份有限公司
上市公司,深圳信隆健康产业发展股份有限公司
上市公司,陕西兴化化学股份有限公司
上市公司,三变科技股份有限公司
上市公司,湖南天润数字娱乐文化传媒股份有限公司
上市公司,云南罗平锌电股份有限公司
上市公司,中国海诚工程科技股份有限公司
上市公司,韵达控股股份有限公司
上市公司,天马轴承集团股份有限公司
上市公司,湘潭电化科技股份有限公司
上市公司,南极电商股份有限公司
上市公司,内蒙古霍林河露天煤业股份有限公司
上市公司,安徽安纳达钛业股份有限公司
上市公司,印纪娱乐传媒股份有限公司
上市公司,中核华原钛白股份有限公司
上市公司,江苏通润装备科技股份有限公司
上市公司,湖南黄金股份有限公司
上市公司,广东东方锆业科技股份有限公司
上市公司,安徽楚江科技新材料股份有限公司
上市公司,江苏澳洋科技股份有限公司
上市公司,创新医疗管理股份有限公司
上市公司,东方时代网络传媒股份有限公司
上市公司,江西特种电机股份有限公司
上市公司,巴士在线股份有限公司
上市公司,山东如意毛纺服装集团股份有限公司
上市公司,浙江方正电机股份有限公司
上市公司,浙江海亮股份有限公司
上市公司,新疆准东石油技术股份有限公司
上市公司,合肥城建发展股份有限公司
上市公司,南洋天融信科技集团股份有限公司
上市公司,三全食品股份有限公司
上市公司,福建福晶科技股份有限公司
上市公司,山东民和牧业股份有限公司
上市公司,奥特佳新能源科技股份有限公司
上市公司,浙江帝龙文化发展股份有限公司
上市公司,威海华东数控股份有限公司
上市公司,烟台泰和新材料股份有限公司
上市公司,苏州海陆重工股份有限公司
上市公司,四川升达林业产业股份有限公司
上市公司,浙江大东南股份有限公司
上市公司,云南西仪工业股份有限公司
上市公司,陕西省天然气股份有限公司
上市公司,江苏华昌化工股份有限公司
上市公司,杭州联络互动信息科技股份有限公司
上市公司,深圳市新南山控股(集团)股份有限公司
上市公司,深圳键桥通讯技术股份有限公司
上市公司,浙江久立特材科技股份有限公司
上市公司,海南海峡航运股份有限公司
上市公司,河南华英农业发展股份有限公司
上市公司,江苏雅百特科技股份有限公司
上市公司,天津赛象科技股份有限公司
上市公司,长春奥普光电技术股份有限公司
上市公司,巨力索具股份有限公司
上市公司,慈文传媒股份有限公司
上市公司,海宁中国皮革城股份有限公司
上市公司,上海柘中集团股份有限公司
上市公司,深圳市漫步者科技股份有限公司
上市公司,烟台杰瑞石油服务集团股份有限公司
上市公司,北讯集团股份有限公司
上市公司,山西同德化工股份有限公司
上市公司,安徽神剑新材料股份有限公司
上市公司,台海玛努尔核电设备股份有限公司
上市公司,山东丽鹏股份有限公司
上市公司,湖北国创高新材料股份有限公司
上市公司,山东宏创铝业控股股份有限公司
上市公司,浙江双箭橡胶股份有限公司
上市公司,黑牛食品股份有限公司
上市公司,浙江南洋科技股份有限公司
上市公司,无锡双象超纤材料股份有限公司
上市公司,中远海运科技股份有限公司
上市公司,许昌远东传动轴股份有限公司
上市公司,淄博齐翔腾达化工股份有限公司
上市公司,湖南汉森制药股份有限公司
上市公司,江苏雷科防务科技股份有限公司
上市公司,中原特钢股份有限公司
上市公司,杭州杭氧股份有限公司
上市公司,棕榈生态城镇发展股份有限公司
上市公司,长江润发医药股份有限公司
上市公司,深圳市兴森快捷电路科技股份有限公司
上市公司,启明星辰信息技术集团股份有限公司
上市公司,浙江闰土股份有限公司
上市公司,龙星化工股份有限公司
上市公司,大连晨鑫网络科技股份有限公司
上市公司,中原内配集团股份有限公司
上市公司,欧菲科技股份有限公司
上市公司,秦皇岛天业通联重工股份有限公司
上市公司,沪士电子股份有限公司
上市公司,申通快递股份有限公司
上市公司,江苏中超控股股份有限公司
上市公司,宁波圣莱达电器股份有限公司
上市公司,山东宝莫生物化工股份有限公司
上市公司,江苏润邦重工股份有限公司
上市公司,南通江海电容器股份有限公司
上市公司,辽宁大金重工股份有限公司
上市公司,浙江永强集团股份有限公司
上市公司,山东墨龙石油机械股份有限公司
上市公司,江苏辉丰生物农业股份有限公司
上市公司,吉林利源精制股份有限公司
上市公司,骅威文化股份有限公司
上市公司,湖南大康国际农业食品股份有限公司
上市公司,天广中茂股份有限公司
上市公司,江苏蓝丰生物化工股份有限公司
上市公司,恺英网络股份有限公司
上市公司,齐峰新材料股份有限公司
上市公司,浙江众成包装材料股份有限公司
上市公司,光正集团股份有限公司
上市公司,山东矿机集团股份有限公司
上市公司,林州重机集团股份有限公司
上市公司,安徽省司尔特肥业股份有限公司
上市公司,安徽鸿路钢结构(集团)股份有限公司
上市公司,青岛东方铁塔股份有限公司
上市公司,华油惠博普科技股份有限公司
上市公司,芜湖顺荣三七互娱网络科技股份有限公司
上市公司,安徽辉隆农资集团股份有限公司
上市公司,巨人网络集团股份有限公司
上市公司,上海徐家汇商城股份有限公司
上市公司,吉林省集安益盛药业股份有限公司
上市公司,广东群兴玩具股份有限公司
上市公司,福建省闽发铝业股份有限公司
上市公司,山东未名生物医药股份有限公司
上市公司,浙江省围海建设集团股份有限公司
上市公司,史丹利农业集团股份有限公司
上市公司,江西恒大高新技术股份有限公司
上市公司,山东豪迈机械科技股份有限公司
上市公司,山东省章丘鼓风机股份有限公司
上市公司,大连电瓷集团股份有限公司
上市公司,洛阳北方玻璃技术股份有限公司
上市公司,露笑科技股份有限公司
上市公司,艾格拉斯股份有限公司
上市公司,完美世界股份有限公司
上市公司,浙江仁智股份有限公司
上市公司,浙江棒杰数码针织品股份有限公司
上市公司,江苏华宏科技股份有限公司
上市公司,青海互助青稞酒股份有限公司
上市公司,苏州扬子江新型材料股份有限公司
上市公司,北京凯文德信教育科技股份有限公司
上市公司,广东德联集团股份有限公司
上市公司,鞍山重型矿山机器股份有限公司
上市公司,广东奥马电器股份有限公司
上市公司,兴业皮革科技股份有限公司
上市公司,广州珠江钢琴集团股份有限公司
上市公司,福建金森林业股份有限公司
上市公司,长生生物科技股份有限公司
上市公司,福建龙洲运输股份有限公司
上市公司,广东宏大爆破股份有限公司
上市公司,无锡华东重型机械股份有限公司
上市公司,冀凯装备制造股份有限公司
上市公司,海南双成药业股份有限公司
上市公司,江西煌上煌集团食品股份有限公司
上市公司,百洋产业投资集团股份有限公司
上市公司,新疆浩源天然气股份有限公司
上市公司,浙江世宝股份有限公司
上市公司,怀集登云汽配股份有限公司
上市公司,浙江跃岭股份有限公司
上市公司,好利来(中国)电子科技股份有限公司
上市公司,电光防爆科技股份有限公司
上市公司,利民化工股份有限公司
上市公司,江西世龙实业股份有限公司
上市公司,山西永东化工股份有限公司
上市公司,北京东方新星石化工程股份有限公司
上市公司,永兴特种不锈钢股份有限公司
上市公司,浙江华通医药股份有限公司
上市公司,安徽省凤形耐磨材料股份有限公司
上市公司,深圳汇洁集团股份有限公司
上市公司,青岛国恩科技股份有限公司
上市公司,河南科迪乳业股份有限公司
上市公司,江苏高科石化股份有限公司
上市公司,西安环球印务股份有限公司
上市公司,江苏江阴农村商业银行股份有限公司
上市公司,天津桂发祥十八街麻花食品股份有限公司
上市公司,西藏高争民爆股份有限公司
上市公司,广东新宏泽包装股份有限公司
上市公司,山东道恩高分子材料股份有限公司
上市公司,江苏张家港农村商业银行股份有限公司
上市公司,湖南泰嘉新材料科技股份有限公司
上市公司,浙江今飞凯达轮毂股份有限公司
上市公司,海南钧达汽车饰件股份有限公司
上市公司,美格智能技术股份有限公司
上市公司,江苏中设集团股份有限公司
上市公司,深圳市沃特新材料股份有限公司
上市公司,山东弘宇农机股份有限公司
上市公司,宁波中大力德智能传动股份有限公司
上市公司,惠州市华阳集团股份有限公司
上市公司,佛山市燃气集团股份有限公司
上市公司,深圳市中新赛克科技股份有限公司
上市公司,浙江中欣氟材股份有限公司
上市公司,深圳市金奥博科技股份有限公司
上市公司,名臣健康用品股份有限公司
上市公司,山东联诚精密制造股份有限公司
上市公司,贵州泰永长征技术股份有限公司
上市公司,广东宏川智慧物流股份有限公司
上市公司,浙江锋龙电气股份有限公司
上市公司,成都硅宝科技股份有限公司
上市公司,吉峰农机连锁股份有限公司
上市公司,江苏华盛天龙光电设备股份有限公司
上市公司,北京钢研高纳科技股份有限公司
上市公司,深圳市朗科科技股份有限公司
上市公司,深圳市赛为智能股份有限公司
上市公司,湖北台基半导体股份有限公司
上市公司,广东天龙油墨集团股份有限公司
上市公司,浙江金利华电气股份有限公司
上市公司,宁波GQY视讯股份有限公司
上市公司,深圳市银之杰科技股份有限公司
上市公司,安徽荃银高科种业股份有限公司
上市公司,江苏金通灵流体机械科技股份有限公司
上市公司,广东金刚玻璃科技股份有限公司
上市公司,尤洛卡精准信息工程股份有限公司
上市公司,新疆西部牧业股份有限公司
上市公司,吉药控股股份有限公司
上市公司,博爱新开源医疗科技集团股份有限公司
上市公司,成都银河磁体股份有限公司
上市公司,深圳市新国都技术股份有限公司
上市公司,中节能环保装备股份有限公司
上市公司,广东星普医学科技股份有限公司
上市公司,深圳雷曼光电科技股份有限公司
上市公司,福建元力活性炭股份有限公司
上市公司,上海华峰超纤材料股份有限公司
上市公司,厦门市美亚柏科信息股份有限公司
上市公司,江苏长海复合材料股份有限公司
上市公司,徐州海伦哲专用车辆股份有限公司
上市公司,鞍山森远路桥股份有限公司
上市公司,江苏亿通高科技股份有限公司
上市公司,烟台正海磁性材料股份有限公司
上市公司,深圳光韵达光电科技股份有限公司
上市公司,山东美晨生态环境股份有限公司
上市公司,广东明家联合移动科技股份有限公司
上市公司,山东瑞丰高分子材料股份有限公司
上市公司,江苏太平洋精锻科技股份有限公司
上市公司,江苏通光电子线缆股份有限公司
上市公司,佳沃农业开发股份有限公司
上市公司,北京华宇软件股份有限公司
上市公司,上海开能环保设备股份有限公司
上市公司,无锡和晶科技股份有限公司
上市公司,南通锻压设备股份有限公司
上市公司,广东金明精机股份有限公司
上市公司,北京汇冠新技术股份有限公司
上市公司,山东国瓷功能材料股份有限公司
上市公司,荣科科技股份有限公司
上市公司,北京华录百纳影视股份有限公司
上市公司,深圳市长方集团股份有限公司
上市公司,江苏裕兴薄膜科技股份有限公司
上市公司,中际旭创股份有限公司
上市公司,吉艾科技集团股份公司
上市公司,新疆天山畜牧生物工程股份有限公司
上市公司,北京博晖创新光电技术股份有限公司
上市公司,深圳市麦捷微电子科技股份有限公司
上市公司,山东同大海岛新材料股份有限公司
上市公司,东莞宜安科技股份有限公司
上市公司,苏州苏大维格光电科技股份有限公司
上市公司,深圳兆日科技股份有限公司
上市公司,全通教育集团(广东)股份有限公司
上市公司,北京神州绿盟信息安全科技股份有限公司
上市公司,天津鹏翎胶管股份有限公司
上市公司,无锡雪浪环境科技股份有限公司
上市公司,安徽国祯环保节能科技股份有限公司
上市公司,浙江花园生物高科股份有限公司
上市公司,天津凯发电气股份有限公司
上市公司,广东道氏技术股份有限公司
上市公司,浙江金盾风机股份有限公司
上市公司,江苏五洋停车产业集团股份有限公司
上市公司,江苏力星通用钢球股份有限公司
上市公司,环能科技股份有限公司
上市公司,浙江唐德影视股份有限公司
上市公司,河南清水源科技股份有限公司
上市公司,上海普丽盛包装股份有限公司
上市公司,山东莱芜金雷风电科技股份有限公司
上市公司,北京万向新元科技股份有限公司
上市公司,安徽聚隆传动科技股份有限公司
上市公司,杭州高新橡塑材料股份有限公司
上市公司,恒锋工具股份有限公司
上市公司,山鼎设计股份有限公司
上市公司,上海海顺新型药用包装材料股份有限公司
上市公司,湖北久之洋红外系统股份有限公司
上市公司,浙江新光药业股份有限公司
上市公司,湖北华舟重工应急装备股份有限公司
上市公司,广东达志环保科技股份有限公司
上市公司,江苏广信感光新材料股份有限公司
上市公司,四川川环科技股份有限公司
上市公司,博创科技股份有限公司
上市公司,优德精密工业(昆山)股份有限公司
上市公司,成都佳发安泰科技股份有限公司
上市公司,珠海汇金科技股份有限公司
上市公司,神宇通信科技股份公司
上市公司,宁波激智科技股份有限公司
上市公司,安徽开润股份有限公司
上市公司,北京数字认证股份有限公司
上市公司,无锡贝斯特精机股份有限公司
上市公司,新疆熙菱信息技术股份有限公司
上市公司,诚迈科技(南京)股份有限公司
上市公司,广东雄塑科技集团股份有限公司
上市公司,立昂技术股份有限公司
上市公司,东莞金太阳研磨股份有限公司
上市公司,扬州晨化新材料股份有限公司
上市公司,博士眼镜连锁股份有限公司
上市公司,广东新劲刚新材料科技股份有限公司
上市公司,杭州雷迪克节能科技股份有限公司
上市公司,鹏鹞环保股份有限公司
上市公司,株洲飞鹿高新材料技术股份有限公司
上市公司,杭州沪宁电梯部件股份有限公司
上市公司,深圳市智动力精密技术股份有限公司
上市公司,深圳市澄天伟业科技股份有限公司
上市公司,威海光威复合材料股份有限公司
上市公司,南阳森霸光电股份有限公司
上市公司,江苏怡达化学股份有限公司
上市公司,江西新余国科科技股份有限公司
上市公司,宁波润禾高新材料科技股份有限公司
上市公司,御家汇股份有限公司
上市公司,东北高速公路股份有限公司
上市公司,广州白云国际机场
上市公司,武汉钢铁股份有限公司
上市公司,中国国际贸易中心
上市公司,安徽皖通高速公路股份有限公司
上市公司,华夏银行
上市公司,中国民生银行股份公司
上市公司,日照港(集团)有限公司
上市公司,宝钢集团有限公司
上市公司,河南中原高速公路股份有限公司
上市公司,济南钢铁股份有限公司
上市公司,中海发展股份有限公司
上市公司,福建发展高速公路股份有限公司
上市公司,哈飞航空工业股份有限公司
上市公司,四川路桥建设股份有限公司
上市公司,中国联合网络通信集团有限公司
上市公司,江西中江地产股份有限公
上市公司,黄山旅游发展股份有限公司
上市公司,华润万东医疗装备股份有限公司
上市公司,浙江古越龙山绍兴酒股份有限公司
上市公司,中纺投资发展股份有限公司
上市公司,安徽皖维高新材料股份有限公司
上市公司,中国葛洲坝集团有限公司
上市公司,河南银鸽实业投资股份有限公
上市公司,浙江富润股份有限公司
上市公司,中船江南重工股份有限公司
上市公司,中达股份
上市公司,新疆天业(集团)有限公司
上市公司,潍坊北大青鸟华光科技股份有限公司
上市公司,辽宁百科集团(控股)股份有限公司
上市公司,江苏澄星磷化工股份有限公司
上市公司,武汉当代高科技产业股份有限公司
上市公司,金花企业(集团)股份有限公司
上市公司,广东博信投资控股股份有限公司
上市公司,新天国际经贸股份有限公司
上市公司,同仁堂股份有限公司
上市公司,东方金钰股份有限公司
上市公司,中国长江航运集团南京油运股份有限公司
上市公司,中视传媒股份有限公司
上市公司,新疆同济堂健康产业股份有限公司
上市公司,包头明天科技股份有限公司
上市公司,四川禾嘉股份有限公司
上市公司,哈尔滨高科技(集团)股份有限公司
上市公司,上海开创国际海洋资源股份有限公司
上市公司,广州发展实业控股集团股份有限公司
上市公司,林海股份有限公司
上市公司,四川明星电力股份有限公司
上市公司,莱芜钢铁股份有限公司
上市公司,福建省青山纸业股份有限公司
上市公司,重庆路桥股份有限公司
上市公司,湖北美尔雅股份有限公司
上市公司,甘肃亚盛实业(集团)股份有限公司
上市公司,国金证券股份有限公司
上市公司,中国北方稀土(集团)高科技股份有限公司
上市公司,贵州长征天成控股股份有限公司
上市公司,重庆三峡水利电力(集团)股份有限公司
上市公司,西宁特殊钢股份有限公司
上市公司,中国东方红卫星股份有限公司
上市公司,浙江东方集团股份有限公司
上市公司,郑州煤电股份有限公司
上市公司,山西兰花科技创业股份有限公司
上市公司,中铁铁龙集装箱物流股份有限公司
上市公司,重庆太极实业(集团)股份有限公司
上市公司,四川岷江水利电力股份有限公司
上市公司,乐凯胶片股份有限公司
上市公司,武汉当代明诚文化股份有限公司
上市公司,四川浪莎控股股份有限公司
上市公司,四川西部资源控股股份有限公司
上市公司,重庆四维控股(集团)股份有限公司
上市公司,长春一东离合器股份有限公司
上市公司,廊坊发展股份有限公司
上市公司,中国船舶工业股份有限公司
上市公司,北京市大龙伟业房地产开发股份有限公司
上市公司,浙江巨化股份有限公司
上市公司,北京天坛生物制品股份有限公司
上市公司,中闽能源股份有限公司
上市公司,联美量子股份有限公司
上市公司,太原重工股份有限公司
上市公司,卧龙地产集团股份有限公司
上市公司,美都能源股份有限公司
上市公司,国巨石股份有限公司
上市公司,哈尔滨东安汽车动力股份有限公司
上市公司,佳通轮胎股份有限公司
上市公司,北方光电股份有限公司
上市公司,莲花健康产业集团股份有限公司
上市公司,黑龙江国中水务股份有限公司
上市公司,吉林森林工业股份有限公司
上市公司,包头华资实业股份有限公司
上市公司,兰州长城电工股份有限公司
上市公司,新疆伊力特实业股份有限公司
上市公司,安徽金种子酒业股份有限公司
上市公司,江苏吴中实业股份有限公司
上市公司,哈尔滨空调股份有限公司
上市公司,有研新材料股份有限公司
上市公司,河南安彩高科股份有限公司
上市公司,罗顿发展股份有限公司
上市公司,山东江泉实业股份有限公司
上市公司,长春经开(集团)股份有限公司
上市公司,安徽全柴动力股份有限公司
上市公司,江苏阳光股份有限公司
上市公司,鲁商置业股份有限公司
上市公司,浙江瀚叶股份有限公司
上市公司,贵州圣济堂医药产业股份有限公司
上市公司,江西昌九生物化工股份有限公司
上市公司,青岛城市传媒股份有限公司
上市公司,沧州大化股份有限公司
上市公司,浙江金鹰股份有限公司
上市公司,山西广和山水文化传播股份有限公司
上市公司,民丰特种纸股份有限公司
上市公司,广西桂冠电力股份有限公司
上市公司,辽宁时代万恒股份有限公司
上市公司,青海华鼎实业股份有限公司
上市公司,吉林成城集团股份有限公司
上市公司,陕西延长石油化建股份有限公司
上市公司,南京纺织品进出口股份有限公司
上市公司,新疆冠农果茸集团股份有限公司
上市公司,河南天方药业股份有限公司
上市公司,安徽梦舟实业股份有限公司
上市公司,北京首旅酒店(集团)股份有限公司
上市公司,湖北凯乐科技股份有限公司
上市公司,云南景谷林业股份有限公司
上市公司,江西赣粤高速公路股份有限公司
上市公司,上海开开实业股份有限公司
上市公司,湖北武昌鱼股份有限公司
上市公司,重庆港九股份有限公司
上市公司,太原化工股份有限公司
上市公司,南京钢铁股份有限公司
上市公司,湖北三峡新型建材股份有限公司
上市公司,大连美罗药业股份有限公司
上市公司,南宁化工股份有限公司
上市公司,沈阳商业城股份有限公司
上市公司,山东华泰纸业股份有限公司
上市公司,广西桂东电力股份有限公司
上市公司,甘肃荣华实业(集团)股份有限公司
上市公司,河南平高电气股份有限公司
上市公司,中垦农业资源开发股份有限公司
上市公司,江西洪都航空工业股份有限公司
上市公司,营口港务股份有限公司
上市公司,安徽新力金融股份有限公司
上市公司,潍坊亚星化学股份有限公司
上市公司,天津市房地产发展(集团)股份有限公司
上市公司,西藏天路股份有限公司
上市公司,内蒙古兰太实业股份有限公司
上市公司,四川宏达股份有限公司
上市公司,长春燃气股份有限公司
上市公司,鼎盛天工工程机械股份有限公司
上市公司,西藏珠峰工业股份有限公司
上市公司,国祥制冷工业股份有限公司
上市公司,山东高速股份有限公司
上市公司,成都旭光电子股份有限公司
上市公司,甘肃省敦煌种业股份有限公司
上市公司,牡丹江恒丰纸业股份有限公司
上市公司,国旅联合股份有限公司
上市公司,新疆塔里木农业综合开发股份有限公司
上市公司,江西联创光电科技股份有限公司
上市公司,广西五洲交通股份有限公司
上市公司,江苏三房巷实业股份有限公司
上市公司,万向德农股份有限公司
上市公司,华菱星马汽车(集团)股份有限公司
上市公司,江苏宁沪高速公路股份有限公司
上市公司,陕西宝光真空电器股份有限公司
上市公司,广东明珠集团股份有限公司
上市公司,山东金泰集团股份有限公司
上市公司,北京巴士传媒股份有限公司
上市公司,浙江海越股份有限公司
上市公司,徐州金联瑞星软件科技股份有限公司
上市公司,中国航发航空科技股份有限公司
上市公司,太原理工天成科技股份有限公司
上市公司,广州东华实业股份有限公司
上市公司,贵州盘江精煤股份有限公司
上市公司,沈阳金山能源股份有限公司
上市公司,安源煤业集团股份有限公司
上市公司,抚顺特殊钢股份有限公司
上市公司,南京欣网视讯科技股份有限公司
上市公司,山西安泰集团股份有限公司
上市公司,浙江中国小商品城集团股份有限公司
上市公司,新疆天润乳业股份有限公司
上市公司,湖北仰帆控股股份有限公司
上市公司,柳州化工股份有限公司
上市公司,新疆青松建材化工(集团)股份有限公司
上市公司,山东华鲁恒升化工股份有限公司
上市公司,中远海运特种运输股份有限公司
上市公司,国机通用机械科技股份有限公司
上市公司,华纺股份有限公司
上市公司,重庆涪陵电力实业股份有限公司
上市公司,西安博通资讯股份有限公司
上市公司,宝鸡钛业股份有限公司
上市公司,贵研铂业股份有限公司
上市公司,江西洪城水业股份有限公司
上市公司,深圳九有股份有限公司
上市公司,山东好当家海洋发展股份有限公司
上市公司,天津百利特精电气股份有限公司
上市公司,风神轮胎股份有限公司
上市公司,安徽六国化工股份有限公司
上市公司,福建南纺股份有限公司
上市公司,天津天药药业股份有限公司
上市公司,晋西车轴股份有限公司
上市公司,航天晨光股份有限公司
上市公司,四川西昌电力股份有限公司
上市公司,新疆库尔勒香梨股份有限公司
上市公司,上海大屯能源股份有限公司
上市公司,新疆天富能源股份有限公司
上市公司,海航基础设施投资集团股份有限公司
上市公司,方大炭素新材料科技股份有限公司
上市公司,贵州贵航汽车零部件股份有限公司
上市公司,中铁高新工业股份有限公司
上市公司,山东省药用玻璃股份有限公司
上市公司,海通食品集团股份有限公司
上市公司,北海国发海洋生物产业股份有限公司
上市公司,太原狮头水泥股份有限公司
上市公司,新疆赛里木现代农业股份有限公司
上市公司,卓郎智能技术股份有限公司
上市公司,保定天威保变电气股份有限公司
上市公司,河北太行水泥股份有限公司
上市公司,海航创新股份有限公司
上市公司,江西长运股份有限公司
上市公司,厦门法拉电子股份有限公司
上市公司,福建省燕京惠泉啤酒股份有限公司
上市公司,安徽皖江物流(集团)股份有限公司
上市公司,铜陵精达特种电磁线股份有限公司
上市公司,北京京能电力股份有限公司
上市公司,青岛天华院化学工程股份有限公司
上市公司,卧龙电气集团股份有限公司
上市公司,新疆八一钢铁股份有限公司
上市公司,山东金晶科技股份有限公司
上市公司,广东榕泰实业股份有限公司
上市公司,福建龙溪轴承(集团)股份有限公司
上市公司,黑龙江北大荒农业股份有限公司
上市公司,广汇物流股份有限公司
上市公司,上海市北高新股份有限公司
上市公司,绿地控股集团股份有限公司
上市公司,金杯汽车股份有限公司
上市公司,上海丰华(集团)股份有限公司
上市公司,山西省国新能源股份有限公司
上市公司,上海氯碱化工股份有限公司
上市公司,上海三爱富新材料股份有限公司
上市公司,上海万业企业股份有限公司
上市公司,乐山电力股份有限公司
上市公司,上海城投控股股份有限公司
上市公司,上海锦江国际实业投资股份有限公司
上市公司,中安消股份有限公司
上市公司,上海新南洋股份有限公司
上市公司,天地源股份有限公司
上市公司,奥瑞德光电股份有限公司
上市公司,浙江尖峰集团股份有限公司
上市公司,京投发展股份有限公司
上市公司,湖南天雁机械股份有限公司
上市公司,哈尔滨工大高新技术产业开发股份有限公司
上市公司,西安曲江文化旅游股份有限公司
上市公司,彩虹显示器件股份有限公司
上市公司,苏美达股份有限公司
上市公司,南宁百货大楼股份有限公司
上市公司,青海金瑞矿业发展股份有限公司
上市公司,文投控股股份有限公司
上市公司,天津港股份有限公司
上市公司,大连热电股份有限公司
上市公司,甘肃祁连山水泥集团股份有限公司
上市公司,河北金牛化工股份有限公司
上市公司,北京首商集团股份有限公司
上市公司,宁波富达股份有限公司
上市公司,云南云维股份有限公司
上市公司,华电能源股份有限公司
上市公司,山东鲁北化工股份有限公司
上市公司,湖南海利化工股份有限公司
上市公司,成都前锋电子股份有限公司
上市公司,福建实达集团股份有限公司
上市公司,山东新华锦国际股份有限公司
上市公司,苏州新区高新技术产业股份有限公司
上市公司,兰州民百(集团)股份有限公司
上市公司,辽宁成大股份有限公司
上市公司,山西焦化股份有限公司
上市公司,华远地产股份有限公司
上市公司,大唐华银电力股份有限公司
上市公司,闻泰科技股份有限公司
上市公司,江苏索普化工股份有限公司
上市公司,大连大福控股股份有限公司
上市公司,上海锦江国际酒店发展股份有限公司
上市公司,浪潮软件股份有限公司
上市公司,辽宁红阳能源投资股份有限公司
上市公司,洲际油气股份有限公司
上市公司,中航沈飞股份有限公司
上市公司,安徽合力股份有限公司
上市公司,中国船舶重工集团海洋防务与信息对抗股份有限公司
上市公司,中航重机股份有限公司
上市公司,烟台园城黄金股份有限公司
上市公司,宁波富邦精业集团股份有限公司
上市公司,武汉祥龙电业股份有限公司
上市公司,江苏综艺股份有限公司
上市公司,西藏城市发展投资股份有限公司
上市公司,武汉市汉商集团股份有限公司
上市公司,山东新潮能源股份有限公司
上市公司,新疆友好(集团)股份有限公司
上市公司,山西通宝能源股份有限公司
上市公司,辅仁药业集团实业股份有限公司
上市公司,鲁信创业投资集团股份有限公司
上市公司,鲁银投资集团股份有限公司
上市公司,银川新华百货商业集团股份有限公司
上市公司,山东鲁抗医药股份有限公司
上市公司,浙江中国轻纺城集团股份有限公司
上市公司,京能置业股份有限公司
上市公司,云南煤业能源股份有限公司
上市公司,张家港保税科技(集团)股份有限公司
上市公司,浙江钱江生物化学股份有限公司
上市公司,宁波海运股份有限公司
上市公司,天津环球磁卡股份有限公司
上市公司,福建水泥股份有限公司
上市公司,沈机集团昆明机床股份有限公司
上市公司,山东天业恒基股份有限公司
上市公司,山西杏花村汾酒厂股份有限公司
上市公司,神马实业股份有限公司
上市公司,杭州解百集团股份有限公司
上市公司,厦门厦工机械股份有限公司
上市公司,西安宏盛科技发展股份有限公司
上市公司,天津劝业场(集团)股份有限公司
上市公司,上海兰生股份有限公司
上市公司,哈药集团人民同泰医药股份有限公司
上市公司,上海机电股份有限公司
上市公司,上海中西药业股份有限公司
上市公司,丹化化工科技股份有限公司
上市公司,重庆万里新能源股份有限公司
上市公司,上海临港控股股份有限公司
上市公司,龙建路桥股份有限公司
上市公司,江苏春兰制冷设备股份有限公司
上市公司,长春中天能源股份有限公司
上市公司,北京京城机电股份有限公司
上市公司,内蒙古蒙电华能热电股份有限公司
上市公司,哈尔滨哈投投资股份有限公司
上市公司,广东肇庆星湖生物科技股份有限公司
上市公司,广东梅雁吉祥水电股份有限公司
上市公司,中炬高新技术实业(集团)股份有限公司
上市公司,天津创业环保集团股份有限公司
上市公司,洛阳玻璃股份有限公司
上市公司,中国嘉陵工业股份有限公司(集团)
上市公司,成都博瑞传播股份有限公司
上市公司,云南博闻科技实业股份有限公司
上市公司,宏发科技股份有限公司
上市公司,上海张江高科技园区开发股份有限公司
上市公司,元翔(厦门)国际航空港股份有限公司
上市公司,国美通讯设备股份有限公司
上市公司,渤海汽车系统股份有限公司
上市公司,山东博汇纸业股份有限公司
上市公司,内蒙古第一机械集团股份有限公司
上市公司,湖南郴电国际发展股份有限公司
上市公司,安徽恒源煤电股份有限公司
上市公司,北矿科技股份有限公司
上市公司,陕西建设机械股份有限公司
上市公司,安徽雷鸣科化股份有限公司
上市公司,达集团股份有限公司
上市公司,赤峰吉隆黄金矿业股份有限公司
上市公司,广汽长丰汽车股份有限公司
上市公司,贵州钢绳股份有限公司
上市公司,云南文山电力股份有限公司
上市公司,大同煤业股份有限公司
上市公司,晋亿实业股份有限公司
上市公司,重庆钢铁股份有限公司
上市公司,江苏连云港港口股份有限公司
上市公司,中国神华能源股份有限公司
上市公司,四川成渝高速公路股份有限公司
上市公司,中国铁建股份有限公司
上市公司,中国北车股份有限公司
上市公司,山西潞安环保能源开发股份有限公司
上市公司,中国石油天然气股份有限公司
上市公司,中煤新集能源股份有限公司
上市公司,金堆城钼业股份有限公司
上市公司,中国船舶重工股份有限公司
上市公司,北方联合出版传媒(集团)股份有限公司
独角兽,孩子王儿童用品股份有限公司
独角兽,平安医疗健康管理股份有限公司
独角兽,深圳市彬讯科技有限公司
独角兽,上海找钢网信息科技股份有限公司
独角兽,光橙(上海)信息科技有限公司
独角兽,上海蔚来汽车有限公司
独角兽,北京腾云天下科技有限公司
独角兽,北京春雨天下软件有限公司
独角兽,万达信息科技有限公司
独角兽,上海触宝信息技术有限公司
独角兽,纳恩博(北京)科技有限公司
独角兽,深圳市柔宇科技有限公司
独角兽,北京比特大陆科技有限公司
独角兽,北京金山云网络技术有限公司
独角兽,汇通达网络股份有限公司
独角兽,北京京东世纪贸易有限公司
独角兽,北京字节跳动科技有限公司
独角兽,上海魔域投资管理有限公司
独角兽,平安健康互联网股份有限公司
独角兽,深圳市随手科技有限公司
独角兽,武汉奇米网络科技有限公司
独角兽,微贷(杭州)金融信息服务有限公司
独角兽,北京优帆科技有限公司
独角兽,深圳市优必选科技有限公司
独角兽,三六零数字安全科技集团有限公司
独角兽,聚宝互联科技(深圳)股份有限公司
独角兽,上海壹账通金融科技有限公司
独角兽,人人贷商务顾问(北京)有限公司
独角兽,信达生物制药(苏州)有限公司
独角兽,上海陆家嘴国际金融资产交易市场股份有限公司
独角兽,北京诺禾致源科技股份有限公司
独角兽,浙江草根网络科技有限公司
独角兽,北京拜克洛克科技有限公司
独角兽,杭州车猫网络科技有限公司
独角兽,上海连尚网络科技有限公司
独角兽,北京集奥聚合科技有限公司
独角兽,上海点荣金融信息服务有限责任公司
独角兽,上海优刻得信息科技有限公司
独角兽,北京转转精神科技有限责任公司
独角兽,车好多旧机动车经纪(北京)有限公司
独角兽,东莞团贷网互联网科技服务有限公司
独角兽,北京贞观雨科技有限公司
独角兽,北京摩拜科技有限公司
独角兽,武汉直播优选在线教育科技有限公司
独角兽,上海洋码头网络技术有限公司
独角兽,北京猫眼文化传媒有限公司
独角兽,上海易果电子商务有限公司
独角兽,广州酷旅旅行社有限公司
独角兽,银隆新能源股份有限公司
独角兽,小船出海教育科技(北京)有限公司
独角兽,上海依图网络科技有限公司
独角兽,北京大米科技有限公司
独角兽,深圳市房多多网络科技有限公司
独角兽,上海安能聚创供应链管理有限公司
独角兽,北京智米科技有限公司
独角兽,时空电动汽车股份有限公司
独角兽,杭州恩牛网络技术有限公司
独角兽,北京创意麦奇教育信息咨询有限公司
独角兽,贵阳货车帮科技有限公司
独角兽,上海联影医疗科技有限公司
独角兽,阿里云计算有限公司
独角兽,钉钉(中国)信息技术有限公司
独角兽,杭州优行科技有限公司
独角兽,武汉斗鱼网络科技有限公司
独角兽,江苏恒神股份有限公司
独角兽,上海复宏汉霖生物技术股份有限公司
独角兽,深圳奥比中光科技有限公司
独角兽,上海益商仓储服务有限公司
独角兽,北京每日优鲜电子商务有限公司
独角兽,杭州大搜车汽车服务有限公司
独角兽,首约科技(北京)有限公司
独角兽,优信互联(北京)信息技术有限公司
独角兽,成都新潮传媒集团股份有限公司
独角兽,北京悦畅科技有限公司
独角兽,明码(上海)生物科技有限公司
独角兽,宁德时代新能源科技股份有限公司
独角兽,神州优车股份有限公司
独角兽,三六零数字安全科技集团有限公司
独角兽,广州橙行智动汽车科技有限公司
独角兽,支付宝(中国)网络技术有限公司
独角兽,深圳市辣妈帮科技有限公司
独角兽,北京英雄互娱科技股份有限公司
独角兽,深圳市丰巢科技有限公司
独角兽,蓝卡（国际）健康集团有限公司
独角兽,杭州贝购科技有限公司
独角兽,北京市商汤科技开发有限公司
独角兽,上海七牛信息技术有限公司
独角兽,武汉斑马快跑科技有限公司
独角兽,威马汽车技术有限公司
独角兽,惠龙易通国际物流股份有限公司
独角兽,杭州数梦工场科技有限公司
独角兽,上海谦问万答吧云计算科技有限公司
独角兽,上海寻梦信息技术有限公司
独角兽,百望股份有限公司
独角兽,人人行科技股份有限公司
独角兽,深圳越海全球供应链有限公司
独角兽,中粮海优(北京)有限公司
独角兽,北京协力筑成传媒科技有限公司
独角兽,北京蜜莱坞网络科技有限公司
独角兽,北京三快科技有限公司
独角兽,北京小米科技有限责任公司
独角兽,蚂蚁金融服务集团
独角兽,北京小桔科技有限公司
独角兽,新美大
独角兽,上海拉扎斯信息科技有限公司
独角兽,菜鸟网络科技有限公司
独角兽,深圳前海微众银行股份有限公司
独角兽,炫一下(北京)科技有限公司
独角兽,北京旷视科技有限公司
独角兽,北京快手科技有限公司
独角兽,中商惠民(北京)电子商务有限公司
独角兽,北京麒麟合盛科技有限公司
独角兽,途家在线信息技术(北京)有限公司
独角兽,深圳卫盈智信科技有限公司
独角兽,北京弘合柏基金融信息服务有限责任公司
独角兽,杭州口口相传网络技术有限公司
独角兽,北京京东金融科技控股有限公司
独角兽,北汽新能源电动汽车官网
独角兽,腾讯云计算有限公司
独角兽,北京自如信息科技有限公司
独角兽,智车优行科技有限公司
独角兽,阿里音乐集团
独角兽,美丽联合集团
独角兽,北京经讯时代科技有限公司
独角兽,北京科信美德生物医药科技有限公司
独角兽,北京云杉世界信息技术有限公司
独角兽,三胞国际医疗集团
独角兽,微医集团(浙江)有限公司
独角兽,北京口袋时尚科技有限公司
独角兽,界面(上海)网络科技有限公司
独角兽,北京众鸣世纪科技有限公司
独角兽,IMS新媒体商业集团
独角兽,优客工场(北京)创业投资有限公司
独角兽,"北京五八到家信息技术集团有限公司"
独角兽,上海驴妈妈兴旅国际旅行社有限公司
独角兽,北京运科网络科技有限公司
独角兽,上海知豆电动车技术有限公司
独角兽,上海合煦信息科技有限公司
独角兽,满懿 (上海) 房地产咨询有限公司
独角兽,杭州网易云音乐科技有限公司
独角兽,易生金服控股集团有限公司
独角兽,上海趣盛网络科技有限公司
独角兽,智连世界
独角兽,沪江教育科技(上海)股份有限公司
独角兽,得到(天津)文化传播有限公司
独角兽,富途证券国际(香港)有限公司
独角兽,北京一点网聚科技有限公司
独角兽,安翰光电(武汉)有限公司
独角兽,北京巅峰科技有限公司
独角兽,北京酒仙网络科技有限公司
独角兽,北京花旺在线商贸有限公司
独角兽,北京智者天下科技有限公司
独角兽,同盾科技有限公司
独角兽,北京快跑信息科技有限公司
独角兽,北京羽扇智信息科技有限公司
独角兽,行吟信息科技(上海)有限公司
独角兽,华云数据技术服务有限公司
独角兽,货拉拉科技有限公司
独角兽,朴新教育科技集团
独角兽,云鸟科技有限公司
独角兽,乐道互动科技有限公司
独角兽,深圳碳云智能科技有限公司
独角兽,阿里体育(上海)有限公司
独角兽,寒武纪科技有限公司
独角兽,北京自由蜂电子商务有限公司
独角兽,蚂蚁科技集团股份有限公司
独角兽,上海哈啰普惠科技有限公司
独角兽,Stripe
独角兽,Canva
大厂经验,北京爱奇艺科技有限公司
大厂经验,北京京东世纪贸易有限公司
大厂经验,网易(杭州)网络有限公司
大厂经验,北京字节跳动科技有限公司
大厂经验,华为技术有限公司
大厂经验,上海识装信息科技有限公司
大厂经验,Uber
大厂经验,上海盒马网络科技有限公司
大厂经验,阅文集团有限公司
大厂经验,拉扎斯网络科技(上海)有限公司
大厂经验,钉钉(中国)信息技术有限公司
大厂经验,唯品会(中国)有限公司
大厂经验,甲骨文(中国)软件系统有限公司
大厂经验,支付宝(中国)网络技术有限公司
大厂经验,OPPO广东移动通信有限公司
大厂经验,上海寻梦信息技术有限公司
大厂经验,携程旅游信息技术(上海)有限公司
大厂经验,微软(中国)有限公司
大厂经验,北京三快科技有限公司
大厂经验,小米科技有限责任公司
大厂经验,苹果公司
大厂经验,腾讯控股有限公司
大厂经验,北京小桔科技有限公司
大厂经验,北京快手科技有限公司
大厂经验,行吟信息科技(上海)有限公司
大厂经验,阿里巴巴(中国)有限公司
大厂经验,百度(中国)有限公司
大厂经验,贝壳找房(北京)科技有限公司
大厂经验,新浪网技术(中国)有限公司
大厂经验,上海哔哩哔哩科技有限公司
大厂经验,三六零安全科技股份有限公司
大厂经验,谷歌信息技术(中国)有限公司
大厂经验,蚂蚁科技集团股份有限公司
大厂经验,上海哈啰普惠科技有限公司
大厂经验,eBay
大厂经验,Twitter
大厂经验,Airbnb
大厂经验,领英
大厂经验,亚马逊(中国)投资有限公司
大厂经验,Meta Platform Inc
大厂经验,Netflix
大厂经验,奥多比系统软件(北京)有限公司
大厂经验,优酷网络技术(北京)有限公司
大厂经验,腾讯音乐娱乐(深圳)有限公司
大厂经验,Salesforce
大厂经验,Shopify
大厂经验,Zoom
大厂经验,Stripe
大厂经验,Canva
大厂经验,Atlassian
大厂经验,Pinterest
大厂经验,北京搜狐互联网信息服务有限公司
大厂经验,维沃控股有限公司
大厂经验,北京飞书科技有限公司
BAT,阿里巴巴集团控股有限公司
BAT,腾讯控股有限公司
BAT,百度股份有限公司
BAT,阿里巴巴(中国)有限公司
BAT,百度(中国)有限公司
AI四小龙,科大讯飞股份有限公司
AI四小龙,商汤科技有限公司
AI四小龙,北京旷视科技有限公司
AI四小龙,依图网络科技有限公司
四大会计师事务所,普华永道中天会计师事务所
四大会计师事务所,德勤华永会计师事务所
四大会计师事务所,安永华明会计师事务所
四大会计师事务所,毕马威华振会计师事务所
四大行,中国工商银行股份有限公司
四大行,中国建设银行股份有限公司
四大行,中国农业银行股份有限公司
四大行,中国银行股份有限公司
八大会计师事务所,瑞华会计师事务所
八大会计师事务所,立信会计师事务所
八大会计师事务所,天健会计师事务所
八大会计师事务所,信永中和会计师事务所
八大会计师事务所,大信会计师事务所
八大会计师事务所,致同会计师事务所
八大会计师事务所,天职国际会计师事务所
八大会计师事务所,大华会计师事务所

