标识码,名称,行政归属,等级
11334820220114,中国核工业集团有限公司,中央国资,L一级
11343420220114,中国航天科技集团有限公司,中央国资,L一级
11351320220114,中国航天科工集团有限公司,中央国资,L一级
11354320220114,中国航空工业集团有限公司,中央国资,L一级
11360420220114,中国船舶集团有限公司,中央国资,L一级
11363820220114,中国兵器工业集团有限公司,中央国资,L一级
11371420220114,中国兵器装备集团有限公司,中央国资,L一级
11375520220114,中国电子科技集团有限公司,中央国资,L一级
12131720220114,中国航空发动机集团有限公司,中央国资,L一级
12134620220114,中国融通资产管理集团有限公司,中央国资,L一级
11334820220114,中国核工业集团有限公司,中央国资,L一级
11343420220114,中国航天科技集团有限公司,中央国资,L一级
11351320220114,中国航天科工集团有限公司,中央国资,L一级
11354320220114,中国航空工业集团有限公司,中央国资,L一级
11360420220114,中国船舶集团有限公司,中央国资,L一级
11363820220114,中国兵器工业集团有限公司,中央国资,L一级
11371420220114,中国兵器装备集团有限公司,中央国资,L一级
11375520220114,中国电子科技集团有限公司,中央国资,L一级
12131720220114,中国航空发动机集团有限公司,中央国资,L一级
12134620220114,中国融通资产管理集团有限公司,中央国资,L一级
12142320220114,中国石油天然气集团有限公司,中央国资,L一级
12171520220114,中国石油化工集团有限公司,中央国资,L一级
12174320220114,中国海洋石油集团有限公司,中央国资,L一级
12181720220114,国家石油天然气管网集团有限公司,中央国资,L一级
12185420220114,国家电网有限公司,中央国资,L一级
12191820220114,中国南方电网有限责任公司,中央国资,L一级
12194220220114,中国华能集团有限公司,中央国资,L一级
12195920220114,中国大唐集团有限公司,中央国资,L一级
12201820220114,中国华电集团有限公司,中央国资,L一级
12203620220114,国家电力投资集团有限公司,中央国资,L一级
12205820220114,中国长江三峡集团有限公司,中央国资,L一级
12211420220114,国家能源投资集团有限责任公司,中央国资,L一级
12213920220114,中国电信集团有限公司,中央国资,L一级
12220520220114,中国联合网络通信集团有限公司,中央国资,L一级
12224220220114,中国移动通信集团有限公司,中央国资,L一级
12230320220114,中国卫星网络集团有限公司,中央国资,L一级
12232920220114,中国电子信息产业集团有限公司,中央国资,L一级
12234720220114,中国第一汽车集团有限公司,中央国资,L一级
12240420220114,东风汽车集团有限公司,中央国资,L一级
12242820220114,中国一重集团有限公司,中央国资,L一级
12244720220114,中国机械工业集团有限公司,中央国资,L一级
12251320220114,哈尔滨电气集团有限公司,中央国资,L一级
12253620220114,中国东方电气集团有限公司,中央国资,L一级
12255420220114,鞍钢集团有限公司,中央国资,L一级
12261220220114,中国宝武钢铁集团有限公司,中央国资,L一级
12263420220114,中国铝业集团有限公司,中央国资,L一级
12265220220114,中国远洋海运集团有限公司,中央国资,L一级
12271220220114,中国航空集团有限公司,中央国资,L一级
12272820220114,中国东方航空集团有限公司,中央国资,L一级
12274720220114,中国南方航空集团有限公司,中央国资,L一级
12282220220114,中国中化控股有限责任公司,中央国资,L一级
12283920220114,中粮集团有限公司,中央国资,L一级
12290120220114,中国五矿集团有限公司,中央国资,L一级
12293120220114,中国通用技术（集团）控股有限责任公司,中央国资,L一级
12300520220114,中国建筑集团有限公司,中央国资,L一级
12302620220114,中国储备粮管理集团有限公司,中央国资,L一级
12304320220114,国家开发投资集团有限公司,中央国资,L一级
12311020220114,招商局集团有限公司,中央国资,L一级
12313220220114,华润（集团）有限公司,中央国资,L一级
12315720220114,中国旅游集团有限公司[香港中旅（集团）有限公司],中央国资,L一级
12321920220114,中国商用飞机有限责任公司,中央国资,L一级
12323520220114,中国节能环保集团有限公司,中央国资,L一级
12330020220114,中国国际工程咨询有限公司,中央国资,L一级
12332220220114,中国诚通控股集团有限公司,中央国资,L一级
12334820220114,中国中煤能源集团有限公司,中央国资,L一级
12341920220114,中国煤炭科工集团有限公司,中央国资,L一级
12343820220114,中国机械科学研究总院集团有限公司,中央国资,L一级
12345720220114,中国中钢集团有限公司,中央国资,L二级
12351620220114,中国钢研科技集团有限公司,中央国资,L一级
12354120220114,中国化学工程集团有限公司,中央国资,L一级
12360020220114,中国盐业集团有限公司,中央国资,L一级
12362420220114,中国建材集团有限公司,中央国资,L一级
12364420220114,中国有色矿业集团有限公司,中央国资,L一级
12371120220114,中国稀土集团有限公司,中央国资,L一级
12373520220114,有研科技集团有限公司,中央国资,L一级
12375420220114,矿冶科技集团有限公司,中央国资,L一级
12381420220114,中国国际技术智力合作集团有限公司,中央国资,L一级
12383320220114,中国建筑科学研究院有限公司,中央国资,L一级
12385320220114,中国中车集团有限公司,中央国资,L一级
12391420220114,中国铁路通信信号集团有限公司,中央国资,L一级
12393220220114,中国铁路工程集团有限公司,中央国资,L一级
12395120220114,中国铁道建筑集团有限公司,中央国资,L一级
12401120220114,中国交通建设集团有限公司,中央国资,L一级
12403020220114,中国信息通信科技集团有限公司,中央国资,L一级
12405520220114,中国农业发展集团有限公司,中央国资,L一级
12411720220114,中国林业集团有限公司,中央国资,L一级
12413620220114,中国医药集团有限公司,中央国资,L一级
12415520220114,中国保利集团有限公司,中央国资,L一级
12421720220114,中国建设科技有限公司,中央国资,L一级
12423520220114,中国冶金地质总局,中央国资,L一级
12425220220114,中国煤炭地质总局,中央国资,L一级
12431120220114,新兴际华集团有限公司,中央国资,L一级
12432720220114,中国民航信息集团有限公司,中央国资,L一级
12434620220114,中国航空油料集团有限公司,中央国资,L一级
12440320220114,中国航空器材集团有限公司,中央国资,L一级
12442320220114,中国电力建设集团有限公司,中央国资,L一级
12444920220114,中国能源建设集团有限公司,中央国资,L一级
12451120220114,中国安能建设集团有限公司,中央国资,L一级
12453120220114,中国黄金集团有限公司,中央国资,L一级
12455220220114,中国广核集团有限公司,中央国资,L一级
12462120220114,中国华录集团有限公司,央企控股,L二级
12464120220114,华侨城集团有限公司,中央国资,L一级
12470220220114,南光（集团）有限公司[中国南光集团有限公司],中央国资,L一级
12473220220114,中国电气装备集团有限公司,中央国资,L一级
12480020220114,中国物流集团有限公司,中央国资,L一级
12482420220114,中国国新控股有限责任公司,中央国资,L一级
12484520220114,中国检验认证（集团）有限公司,中央国资,L一级
01342220220115,北京市建筑设计研究院有限公司,北京市,L一级
01353820220115,首钢集团有限公司,北京市,L一级
01374220220115,北京公共交通控股（集团）有限公司,北京市,L一级
01382020220115,北京市基础设施投资有限公司,北京市,L一级
01390220220115,北京市地铁运营有限公司,北京市,L一级
01395920220115,北京首都旅游集团有限责任公司,北京市,L一级
01403520220115,北京控股集团有限公司,北京市,L一级
01412620220115,北京控股集团有限公司,北京市,L一级
01421820220115,北京能源集团有限责任公司,北京市,L一级
01424120220115,北京首都创业集团有限公司,北京市,L一级
01431820220115,北京市国有资产经营有限责任公司,北京市,L一级
01434120220115,北京市自来水集团有限责任公司,北京市,L一级
01441120220115,北京银行股份有限公司,北京市,L一级
01443720220115,华夏银行股份有限公司,北京市,L一级
01452220220115,北京国际信托有限公司,北京市,L一级
01455320220115,北京农村商业银行股份有限公司,北京市,L一级
01462120220115,北京电子控股有限责任公司,北京市,L一级
01464220220115,北京汽车集团有限公司,北京市,L一级
01471220220115,北京建工集团有限责任公司,北京市,L一级
01473520220115,北京城建集团有限责任公司,北京市,L一级
01480420220115,北京外企服务集团有限责任公司,北京市,L一级
01485220220115,北京京城机电控股有限责任公司,北京市,L一级
01491420220115,北京一轻控股有限责任公司,北京市,L一级
01493620220115,北京时尚控股有限责任公司,北京市,L一级
01500320220115,北京化学工业集团有限责任公司,北京市,L一级
01503420220115,中国北京同仁堂（集团）有限责任公司,北京市,L一级
01511220220115,北京工美集团有限责任公司,北京市,L一级
01513920220115,北京金隅集团股份有限公司,北京市,L一级
01520620220115,北京北辰实业集团有限责任公司,北京市,L一级
01522820220115,北京市首都公路发展集团有限公司,北京市,L一级
01525820220115,北京祥龙资产经营有限责任公司,北京市,L一级
01532420220115,北京城市排水集团有限责任公司,北京市,L一级
01540120220115,北京环境卫生工程集团有限公司,北京市,L一级
01545620220115,北京城市副中心投资建设集团有限公司,北京市,L一级
01552420220115,北京首农食品集团有限公司,北京市,L一级
01554820220115,北京城乡商业（集团）股份有限公司,北京市,L一级
01561120220115,北京市供销合作总社,北京市,L一级
01570720220115,北京国有资本经营管理中心,北京市,L一级
01572920220115,北京市保障性住房建设投资中心,北京市,L一级
01580420220115,北京水务投资中心,北京市,L一级
01583020220115,北京航空有限责任公司,北京市,L一级
01590920220115,北京金融控股集团有限公司,北京市,L一级
01593020220115,永定河流域投资有限公司,北京市,L一级
01595620220115,北京首都开发控股（集团）有限公司,北京市,L一级
02105020220115,天津津诚国有资本投资运营有限公司,天津市,L一级
11020020220129,上海国际集团有限公司,上海市,L一级
11024520220129,上海国盛（集团）有限公司,上海市,L一级
12548232732110,上海机场（集团）有限公司,上海市,L一级
12931070522340,上海临港经济发展（集团）有限公司,上海市,L一级
12802007902446,上海地产（集团）有限公司,上海市,L一级
12664428922515,上海城投（集团）有限公司,上海市,L一级
12907451422624,上海久事（集团）有限公司,上海市,L一级
12548140832752,上海申通地铁集团有限公司,上海市,L一级
13093585882830,上海申迪（集团）有限公司,上海市,L一级
12239039992923,上海联和投资有限公司,上海市,L一级
12935696312954,上海联合产权交易所有限公司,上海市,L一级
12474557063021,长三角投资（上海）有限公司,上海市,L一级
12382071883048,上海汽车集团股份有限公司,上海市,L一级
12637470673115,中国太平洋保险（集团）股份有限公司,上海市,L一级
12663908133145,上海电气集团股份有限公司,上海市,L一级
12729526973216,上海华谊集团股份有限公司,上海市,L一级
12897924123239,上海实业（集团）有限公司,上海市,L一级
13110833033352,上海国际港务（集团）股份有限公司,上海市,L一级
12171276753410,申能（集团）有限公司,上海市,L一级
12639033023446,上海建工集团股份有限公司,上海市,L一级
12978247463519,上海仪电（集团）有限公司,上海市,L一级
12418894403553,光明食品（集团）有限公司,上海市,L一级
13106360413624,上海隧道工程股份有限公司,上海市,L一级
12737430633646,华东建筑集团股份有限公司,上海市,L一级
12975184023726,百联集团有限公司,上海市,L一级
13151546123754,锦江国际（集团）有限公司,上海市,L一级
12471003473820,东浩兰生（集团）有限公司,上海市,L一级
12308426853853,上海华虹（集团）有限公司,上海市,L一级
12703518383908,东方国际（集团）有限公司,上海市,L一级
12713719633930,上海建科集团股份有限公司,上海市,L一级
12377905614005,上海投资咨询集团有限公司,上海市,L一级
12308825094023,绿地控股集团股份有限公司,上海市,L一级
12668503294036,上海市供销合作总社,上海市,L一级
12820909314108,上海科技创业投资（集团）有限公司,上海市,L一级
12585055254136,上海浦东发展银行股份有限公司,上海市,L一级
12396133064204,上海新集体经济合作联社,上海市,L一级
12868300684230,上海银行股份有限公司,上海市,L一级
12394785154255,上海农村商业银行股份有限公司,上海市,L一级
12376465794317,国泰君安证券股份有限公司,上海市,L一级
12433568274345,海通证券股份有限公司,上海市,L一级
12992737524725,中国农业发展银行,中央金融,L一级
12698586254849,中国进出口银行,中央金融,L一级
12523541434954,国家开发银行,中央金融,L一级
13094351745033,中国工商银行股份有限公司,中央金融,L一级
12557790665105,中国农业银行股份有限公司,中央金融,L一级
12938024525159,中国银行股份有限公司,中央金融,L一级
12943936965238,中国建设银行股份有限公司,中央金融,L一级
12192445105314,交通银行股份有限公司,中央金融,L一级
13045459275352,中国出口信用保险公司,中央金融,L一级
12686822655423,中国人民保险集团股份有限公司,中央金融,L一级
12791745385500,中国人寿保险（集团）公司,中央金融,L一级
13017153115533,中国太平保险集团有限责任公司,中央金融,L一级
12550193335632,中国中信集团有限公司,中央金融,L一级
13144775925701,中国光大集团股份公司,中央金融,L一级
13066260025735,中国投资有限责任公司,中央金融,L一级
12711176975804,中国华融资产管理股份有限公司,中央金融,L一级
12292190635838,中国长城资产管理股份有限公司,中央金融,L一级
12357809465921,中国东方资产管理股份有限公司,中央金融,L一级
12376955940003,中国信达资产管理股份有限公司,中央金融,L一级
12315105140031,中央国债登记结算有限责任公司,中央金融,L一级
12270777200130,中国农业再保险股份有限公司,中央金融,L一级
13136565910236,中国政企合作投资基金股份有限公司,中央金融,L一级
12861499850335,国家融资担保基金有限责任公司,中央金融,L一级
12413778460444,中国银河金融控股有限责任公司,中央金融,L一级
12663326080616,中国建银投资有限责任公司,中央金融,L一级
12849981330639,中国再保险（集团）股份有限公司,中央金融,L一级
12950002561054,天津渤海国有资本投资有限公司,天津市,L一级
12508530581153,天津国恒投资控股有限公司,天津市,L一级
12869801771257,天津国有资本投资运营有限公司,天津市,L一级
12456023271341,天津国兴资本运营有限公司,天津市,L一级
12698923221407,天津津智国有资本投资运营有限公司,天津市,L一级
12794196131454,天津百利机械装备集团有限公司,天津市,L一级
12299481611556,天津纺织集团（控股）有限公司,天津市,L一级
12795053891630,天津津融投资服务集团有限公司,天津市,L一级
12464600891701,天津轨道交通集团有限公司,天津市,L一级
12915661431749,天津食品集团有限公司,天津市,L一级
12799526511823,天津泰达投资控股有限公司,天津市,L一级
12920746731852,天津水务集团有限公司,天津市,L一级
12670862141930,天津房地产集团有限公司,天津市,L一级
12378181322010,天津劝业华联集团有限公司,天津市,L一级
12825106222058,天津利和进出口集团有限公司,天津市,L一级
12573475462203,天津市政建设集团有限公司,天津市,L一级
12524919972239,天津银行股份有限公司,天津市,L一级
12796524342320,渤海银行股份有限公司,天津市,L一级
12875836742348,天津滨海农村商业银行股份有限公司,天津市,L一级
13160889602437,天津渤海轻工投资集团有限公司,天津市,L一级
12664275752501,天津渤海化工集团有限责任公司,天津市,L一级
12344452872521,天津物产集团有限公司,天津市,L一级
12202125572643,天津市交通(集团)有限公司,天津市,L一级
12629321922722,天津能源投资集团有限公司,天津市,L一级
12919919612800,天津城市基础设施建设投资集团有限公司,天津市,L一级
12836992352823,天津市旅游（控股）集团有限公司,天津市,L一级
12252028962853,天津港（集团）有限公司,天津市,L一级
12720275382927,北方国际集团有限公司,天津市,L一级
12861959373200,天津城建集团有限公司,天津市,L一级
12605028873246,天津市公共交通集团（控股）有限公司,天津市,L一级
12360076403421,天津农村商业银行股份有限公司,天津市,L一级
12718161613457,渤海证券股份有限公司,天津市,L一级
12584503833527,北方国际信托股份有限公司,天津市,L一级
12879298423735,重庆农村土地交易所有限责任公司,重庆市,L一级
12541585073808,民生实业（集团）有限公司,重庆市,L一级
12975030853903,重庆建工投资控股有限责任公司,重庆市,L一级
12751859423956,重庆轻纺控股（集团）公司,重庆市,L一级
13087704084054,重庆化医控股（集团）公司,重庆市,L一级
13087795984141,重庆机场集团有限公司,重庆市,L一级
12555952604437,重庆设计集团有限公司,重庆市,L一级
12855372984459,重庆市储备粮管理有限公司,重庆市,L一级
12500504384614,重庆广阳岛绿色发展有限责任公司,重庆市,L一级
12397511614802,重庆股份转让中心有限责任公司,重庆市,L一级
12875254694849,重庆兴农融资担保集团有限公司,重庆市,L一级
12438224694926,重庆进出口融资担保有限公司,重庆市,L一级
12719478894957,重庆旅游投资集团有限公司,重庆市,L一级
12931989555037,重庆对外经贸（集团）有限公司,重庆市,L二级
12430412935103,重庆市农业投资集团有限公司,重庆市,L一级
12459331785211,重庆三峡融资担保集团股份有限公司,重庆市,L一级
12517108215245,重庆市水利投资（集团）有限公司,重庆市,L一级
12871333495329,​重庆国际物流集团有限公司,重庆市,L一级
13093524615433,重庆三峡银行股份有限公司,重庆市,L一级
13016601695505,西南证券股份有限公司,重庆市,L一级
12239070625559,重庆银行股份有限公司,重庆市,L一级
12583584805644,重庆渝富控股集团有限公司,重庆市,L一级
12933368105913,重庆城市交通开发投资（集团）有限公司,重庆市,L一级
12615567090010,庆铃汽车（集团）有限公司,重庆市,L一级
12535550100146,重庆联合产权交易所集团股份有限公司,重庆市,L一级
12438439130237,数字重庆大数据应用发展有限公司,重庆市,L一级
12647702550421,重庆交通运输控股（集团）有限公司,重庆市,L一级
13009494520540,重庆粮食集团有限责任公司,重庆市,L一级
12665286680627,重庆农村商业银行股份有限公司,重庆市,L一级
12201482240721,重庆市地产集团有限公司,重庆市,L一级
12763102240758,重庆高速公路集团有限公司,重庆市,L一级
12374168220839,重庆市城市建设投资（集团）有限公司,重庆市,L一级
12560210770928,重庆水务环境控股集团有限公司,重庆市,L一级
12533926481026,重庆市能源投资集团有限公司,重庆市,L一级
13055170371111,重庆钢铁（集团）有限责任公司,重庆市,L一级
12195876151141,重庆国际投资咨询集团有限公司,重庆市,L一级
12892593741220,重庆机电控股（集团）公司,重庆市,L一级
12206077401554,广东省机场管理集团有限公司,广东省,L一级
12667951871645,广东省能源集团有限公司,广东省,L一级
12366050111751,广东省广物控股集团有限公司,广东省,L一级
12192935251834,广东省旅游控股集团有限公司,广东省,L一级
12819622661917,广东省铁路建设投资集团有限公司,广东省,L一级
12638267162002,广东省粤科金融集团有限公司,广东省,L一级
12659496782049,广东省环保集团有限公司,广东省,L一级
12260055172121,广东省交通集团有限公司,广东省,L一级
12731579472142,广东省建筑工程集团有限公司,广东省,L一级
12949114172247,广东粤海控股集团有限公司,广东省,L一级
12246239072322,广东恒健投资控股有限公司,广东省,L一级
12865727402424,广东省广晟控股集团有限公司,广东省,L一级
12968689532441,广东省广轻控股集团有限公司,广东省,L一级
12411327712514,广东省港航集团有限公司,广东省,L一级
12774222523033,广东省广新控股集团有限公司,广东省,L一级
12538215293136,广东省盐业集团有限公司,广东省,L一级
12388903353255,广东南粤集团有限公司,广东省,L一级
12259871363418,广东省交易控股集团有限公司,广东省,L一级
13039301774549,深业集团有限公司,深圳市,L一级
12626840544620,深圳市地铁集团有限公司,深圳市,L一级
13123638204659,深圳市机场（集团）有限公司,深圳市,L一级
12299359074729,深圳市盐田港集团有限公司,深圳市,L一级
12342522914804,深圳能源集团股份有限公司,深圳市,L一级
12639952055158,深圳市水务（集团）有限公司,深圳市,L一级
12356921065351,深圳市燃气集团股份有限公司,深圳市,L一级
12609501485442,深圳市投资控股有限公司,深圳市,L一级
12517782175611,深圳巴士集团股份有限公司,深圳市,L一级
12905766525651,深圳市粮食集团有限公司,深圳市,L一级
12768677705854,深圳市农产品集团股份有限公司,深圳市,L一级
12693807285932,国信证券股份有限公司,深圳市,L一级
12564101340004,深圳市特区建设发展集团有限公司,深圳市,L一级
12308028600043,深圳市创新投资集团有限公司,深圳市,L一级
12930457830129,深圳国际控股有限公司,深圳市,L一级
12738533470225,深圳市城市公共安全技术研究院,深圳市,L一级
12229236990309,深圳市人才安居集团有限公司,深圳市,L一级
13032654110348,深圳交易集团有限公司,深圳市,L一级
12901110102644,深圳市国有免税商品（集团）有限公司,深圳市,L一级
12637562572743,深圳市特区建工集团有限公司,深圳市,L一级
12633304392912,深圳市振业（集团）股份有限公司,深圳市,L一级
12414544323239,深圳市特发集团有限公司,深圳市,L一级
13102745563341,深圳市资本运营集团有限公司,深圳市,L一级
12752135133621,深圳市东部公共交通有限公司,深圳市,L一级
13072233723716,深圳市鲲鹏股权投资管理有限公司,深圳市,L一级
12185950623747,深圳市智慧城市科技发展集团有限公司,深圳市,L一级
13124863573828,深圳市重大产业投资集团有限公司,深圳市,L一级
13035993253926,深圳高速公路集团股份有限公司,深圳市,L一级
12809360154006,深圳市食品物资集团有限公司,深圳市,L一级
13016938675452,海南省旅游投资发展有限公司,海南省,L一级
13116959915645,海南省水务集团有限公司​,海南省,L一级
12362802865747,海南省南海现代渔业集团有限公司,海南省,L一级
13100356070058,海南粮油产业有限公司,海南省,L一级
12698770050155,海南省农垦投资控股集团有限公司,海南省,L一级
12745119860308,海南省发展控股有限公司,海南省,L一级
12762428280352,海南海钢集团有限公司,海南省,L一级
12939403070455,海南高速公路股份有限公司,海南省,L一级
12513860970527,海南联合资产管理有限公司,海南省,L一级
12478355720556,海南省金林投资集团有限公司,海南省,L一级
12900589320636,海南省盐业集团有限公司,海南省,L一级
13138158890704,海南省海洋发展有限公司,海南省,L一级
12721439490738,海南产权交易所有限公司,海南省,L一级
12220046670811,海南省建设集团有限公司,海南省,L一级
12444933620929,海南省建设项目规划设计研究院有限公司,海南省,L一级
12901784060959,海南省设计研究院有限公司,海南省,L一级
13118828601111,四川发展(控股)有限责任公司,四川省,L一级
13108321011137,蜀道投资集团有限责任公司,四川省,L一级
12452561581229,四川省投资集团有限责任公司,四川省,L一级
12462762831306,四川省能源投资集团有限责任公司,四川省,L一级
12492447541328,四川华西集团有限公司,四川省,L一级
12199000861353,四川航空集团有限责任公司,四川省,L一级
12502587521514,四川省煤炭产业集团公司,四川省,L一级
13006247271552,四川省机场集团有限公司,四川省,L一级
12428023451657,四川省商业投资集团有限责任公司,四川省,L一级
12689794181721,四川省旅游投资集团有限责任公司,四川省,L一级
12221609031748,四川国际博览集团有限公司,四川省,L一级
12977359061824,四川省港航投资集团有限责任公司,四川省,L一级
12651439941857,四川省紫坪铺开发有限责任公司,四川省,L一级
13122872341925,四川省国有资产投资管理有限责任公司,四川省,L一级
12539961452047,四川省有色科技集团有限责任公司,四川省,L一级
13135708142134,四川富润企业重组投资有限责任公司,四川省,L一级
12637409402243,四川省国有资产经营投资管理有限责任公司,四川省,L一级
12503261472303,四川省矿业投资集团有限责任公司,四川省,L一级
12969332852352,四川省建筑设计研究院有限公司,四川省,L一级
12238825552525,四川省盐业总公司,四川省,L一级
12930856083043,开滦(集团)有限责任公司,河北省,L一级
12395857353352,河北省资产管理有限公司,河北省,L一级
12880186823530,河北招标集团有限公司,河北省,L一级
12160677263628,河北省再担保有限责任公司,河北省,L一级
12644363403702,华北制药集团有限责任公司,河北省,L一级
13064360683915,河北旅游投资集团股份有限公司,河北省,L一级
12586801414053,河北港口集团有限公司,河北省,L一级
12628157824242,财达证券股份有限公司,河北省,L一级
12171031674341,河北机场管理集团有限公司,河北省,L一级
12737798254506,河北省国富农业投资集团有限公司,河北省,L一级
12625492634556,河北省国有资产控股运营有限公司,河北省,L一级
12691785424835,河钢集团有限公司,河北省,L一级
12161106144942,河北信息产业投资集团有限公司,河北省,L一级
12220567465024,河北建工集团有限责任公司,河北省,L一级
12962103145203,冀中能源集团有限责任公司,河北省,L一级
12936554075649,河北省粮食产业集团有限公司,河北省,L一级
12532701115756,河北省外贸资产经营有限公司,河北省,L一级
13008391685939,山西焦煤集团有限责任公司,山西省,L一级
13134544040111,晋能控股集团有限公司,山西省,L一级
12289004650204,华阳新材料科技集团有限公司,山西省,L一级
12480775840239,潞安化工集团有限公司,山西省,L一级
12521887170332,华新燃气集团有限公司,山西省,L一级
12249088060411,太原重型机械集团有限公司,山西省,L一级
12901630880444,山西国际能源集团有限公司,山西省,L一级
13055078470509,华远国际陆港集团有限公司,山西省,L一级
12393130890535,万家寨水务控股集团有限公司,山西省,L一级
12981096450559,山西省文化旅游投资控股集团有限公司,山西省,L一级
13076553170628,山西交通控股集团有限公司,山西省,L一级
13061082810646,山西航空产业集团有限公司,山西省,L一级
13020584160750,山西建设投资集团有限公司,山西省,L一级
12250252170831,山西杏花村汾酒集团有限责任公司,山西省,L一级
12894983220944,山西大地环境投资控股有限公司,山西省,L一级
12415463351011,山西云时代技术有限公司,山西省,L一级
12481419161038,华舰体育控股集团有限公司,山西省,L一级
12628127181107,神农科技集团有限公司,山西省,L一级
12261709421527,包头钢铁（集团）有限责任公司,内蒙古,L一级
12300124931802,内蒙古森林工业集团有限责任公司,内蒙古,L一级
12798791291932,内蒙古国有资本运营有限公司,内蒙古,L一级
12927425032029,内蒙古产权交易中心有限责任公司,内蒙古,L一级
12804826262127,内蒙古电力（集团）有限责任公司,内蒙古,L一级
13075817942158,内蒙古能源发电投资集团有限公司,内蒙古,L一级
12426461092238,内蒙古能源建设投资（集团）有限公司,内蒙古,L一级
12441073692307,内蒙古自治区民航机场集团有限责任公司,内蒙古,L一级
12700638752402,内蒙古环保投资集团有限公司,内蒙古,L一级
13121340622432,内蒙古交通投资（集团）有限责任公司,内蒙古,L一级
12346934262526,内蒙古高等级公路建设开发有限责任公司,内蒙古,L一级
13071069612603,内蒙古公路交通投资发展有限公司,内蒙古,L一级
12281131622706,内蒙古水务投资集团有限公司,内蒙古,L一级
12786874522737,内蒙古自治区盐业公司,内蒙古,L一级
12163342452808,内蒙古新城宾馆旅游业集团有限责任公司,内蒙古,L一级
12262107672858,内蒙古威信保安押运服务有限责任公司,内蒙古,L一级
12641208062936,内蒙古恒基建设工程施工图审查有限公司,内蒙古,L一级
12375791843021,北京内蒙古大厦有限责任公司,内蒙古,L一级
12670954043232,本钢集团有限公司,辽宁省,L一级
12513860973745,华晨汽车集团控股有限公司,辽宁省,L一级
12478355723834,辽宁省交通建设投资集团有限责任公司,辽宁省,L一级
12586188724009,辽宁省水资源管理集团有限责任公司,辽宁省,L一级
12356951704046,辽宁省能源产业控股集团有限责任公司,辽宁省,L一级
12898444914241,辽渔集团有限公司,辽宁省,L一级
13068649504311,辽宁省机场管理集团有限公司,辽宁省,L一级
12501086434406,辽宁省城乡建设集团有限责任公司,辽宁省,L一级
12331371994434,辽宁省粮食发展集团有限责任公司,辽宁省,L一级
12983792284534,辽宁省地质勘探矿业集团有限责任公司,辽宁省,L一级
12616547394613,辽宁省工程咨询集团有限责任公司,辽宁省,L一级
12317463994638,辽宁省环保集团有限责任公司,辽宁省,L一级
12449467514715,辽宁省辽勤集团有限公司,辽宁省,L一级
12580368194736,辽宁省旅游投资集团有限公司,辽宁省,L一级
12653798794808,辽宁省体育产业集团有限公司,辽宁省,L一级
12297735454852,辽宁公共发展投资有限公司,辽宁省,L一级
12704743764949,辽宁控股（集团）有限责任公司,辽宁省,L一级
12211652865306,吉林省吉盛资产管理有限责任公司,吉林省,L一级
13060562024507,吉林省交通投资集团有限公司,吉林省,L一级
13066106844625,吉林省水务投资集团有限公司,吉林省,L一级
12647426844655,吉林省高速公路集团有限公司,吉林省,L一级
12857976904823,中国吉林森林工业集团有限责任公司,吉林省,L一级
12813434525013,吉林省信托有限责任公司,吉林省,L一级
13087826625347,吉林省信用担保投资有限公司,吉林省,L一级
12990470575626,中国龙江森林工业集团有限公司,黑龙江,L一级
12888550015641,黑龙江龙煤矿业控股集团有限责任公司,黑龙江,L一级
12429187555722,黑龙江省建设投资集团有限公司,黑龙江,L一级
13054281975747,黑龙江省交通投资集团有限公司,黑龙江,L一级
13065340985840,黑龙江省新产业投资集团有限公司,黑龙江,L一级
12328676175902,黑龙江省农业投资集团有限公司,黑龙江,L一级
12955179775932,黑龙江省机场管理集团有限公司,黑龙江,L一级
12699137675955,黑龙江省航运集团有限公司,黑龙江,L一级
13098885620020,黑龙江省铁路集团有限责任公司,黑龙江,L一级
12738962350045,黑龙江省龙睿资产经营有限公司,黑龙江,L一级
12236374800203,黑龙江交易集团有限公司,黑龙江,L一级
12629505730233,黑龙江省龙裕集团有限公司,黑龙江,L一级
12249823290311,江苏省国信集团有限公司,江苏省,L一级
13150320740631,江苏交通控股有限公司,江苏省,L一级
12212388080721,东部机场集团有限公司,江苏省,L一级
13058111271021,江苏省农村信用社联合社,江苏省,L一级
12732682311042,江苏省苏豪控股集团有限公司,江苏省,L一级
13006584251150,中国江苏国际经济技术合作集团有限公司,江苏省,L一级
12960448881223,江苏省海外企业集团有限公司,江苏省,L一级
12439450071346,江苏省农垦集团有限公司,江苏省,L一级
12895994161432,徐州矿务集团有限公司,江苏省,L一级
12310969501542,江苏省沿海开发集团有限公司,江苏省,L一级
12831478171642,泰证券股份有限公司,江苏省,L一级
12580460101737,江苏汇鸿国际集团股份有限公司,江苏省,L一级
12254050831812,江苏省港口集团有限公司,江苏省,L一级
13160246281844,江苏省铁路集团有限公司,江苏省,L一级
12478233191909,江苏省环保集团有限公司,江苏省,L一级
12908247911938,江苏省盐业集团有限责任公司,江苏省,L一级
12291976192004,江苏省粮食集团有限责任公司,江苏省,L一级
12836532842310,江苏高科技投资集团有限公司,江苏省,L一级
12747417442448,南京金陵饭店集团有限公司,江苏省,L一级
12714853102641,江苏钟山宾馆集团有限公司,江苏省,L一级
12682778912747,江苏省惠隆资产管理有限公司,江苏省,L一级
12915630792836,南水北调东线江苏水源有限责任公司,江苏省,L一级
13059642992906,江苏省体育产业集团有限公司,江苏省,L一级
12320435523040,江苏省国金资本运营集团有限公司,江苏省,L一级
12594368103112,江苏省联合征信有限公司,江苏省,L一级
13086570613211,江苏省规划设计集团有限公司,江苏省,L一级
12181631173337,浙江省国有资本运营有限公司,浙江省,L一级
12363660623401,物产中大集团股份有限公司,浙江省,L一级
12859294183509,浙江省建设投资集团股份有限公司,浙江省,L一级
12928834213556,浙江省机电集团有限公司,浙江省,L一级
12733968953653,浙江省国际贸易集团有限公司,浙江省,L一级
12835123663728,浙江省旅游投资集团有限公司,浙江省,L一级
13135769413825,杭州钢铁集团有限公司,浙江省,L一级
12653676253914,巨化集团有限公司,浙江省,L一级
13046715284006,浙江省能源集团有限公司,浙江省,L一级
12808042874033,浙江省交通投资有限公司,浙江省,L一级
12249179974129,浙江省农村发展集团有限公司,浙江省,L一级
13066903344204,浙江省机场集团有限公司,浙江省,L一级
12739115524243,浙江省海港投资运营集团有限公司,浙江省,L一级
12866799604427,浙江省二轻集团有限责任公司,浙江省,L一级
12672608304504,安邦护卫集团股份有限公司,浙江省,L一级
12556381484534,浙江大学控股集团有限公司,浙江省,L一级
12507887264736,浙江产权交易所有限公司,浙江省,L一级
13003582084755,安徽省交通控股集团有限公司,安徽省,L一级
12943171105000,安徽海螺集团有限责任公司,安徽省,L一级
12877521635034,安徽省能源集团有限公司,安徽省,L一级
12693899195126,淮北矿业（集团）有限责任公司,安徽省,L一级
12851758125336,淮河能源控股集团有限责任公司,安徽省,L一级
12460342715427,安徽国元金融控股集团有限责任公司,安徽省,L一级
12528320395459,安徽省投资集团控股有限公司,安徽省,L一级
12500259305531,铜陵有色金属集团控股有限公司,安徽省,L一级
12438776115623,安徽江淮汽车集团控股有限公司,安徽省,L一级
12644822925726,安徽省皖北煤电集团有限责任公司,安徽省,L一级
12778051825800,华安证券股份有限公司,安徽省,L一级
12742699755836,安徽省引江济淮集团有限公司,安徽省,L一级
12638236535909,安徽省港航集团有限公司,安徽省,L一级
13056763365943,安徽叉车集团有限责任公司,安徽省,L一级
12927792640028,安徽省国有资本运营控股集团有限公司,安徽省,L一级
12299205900057,安徽建工集团控股有限公司,安徽省,L一级
12745885720134,安徽民航机场集团有限公司,安徽省,L一级
12608184210223,安徽省农垦集团有限公司,安徽省,L一级
12863368550314,煤炭工业合肥设计研究院有限责任公司,安徽省,L一级
12209110200351,安徽军工集团控股有限公司,安徽省,L一级
13083507170502,安徽皖维集团有限责任公司,安徽省,L一级
12661886270544,安徽省皖中集团有限责任公司,安徽省,L一级
12380233820652,中煤矿山建设集团有限责任公司,安徽省,L一级
12348312800729,安徽省旅游集团有限责任公司,安徽省,L一级
13098609920809,安徽省徽商集团有限公司,安徽省,L一级
12315717830841,安徽省盐业投资控股集团有限公司,安徽省,L一级
12955486120930,安徽省华强工贸集团有限责任公司,安徽省,L一级
12180834670949,安徽淮海实业发展集团有限公司,安徽省,L一级
13135616241141,福建省高速公路集团有限公司,福建省,L一级
13082649411224,福建省投资开发集团有限责任公司,福建省,L一级
13063380381321,福建省冶金（控股）有限责任公司,福建省,L一级
12744017021359,福建省能源集团有限责任公司,福建省,L一级
12802498051450,福建省港口集团有限责任公司,福建省,L一级
12350610381523,福建省汽车工业集团有限公司,福建省,L一级
12392181231619,福建省电子信息（集团）有限责任公司,福建省,L一级
12829670741646,福建省船舶工业集团公司,福建省,L一级
12509204541831,福建建工集团有限责任公司,福建省,L一级
12347240601853,福建省旅游发展集团有限公司,福建省,L一级
12997332671940,福建省机电（控股）有限责任公司,福建省,L一级
13134605312026,中国（福建）对外贸易中心集团有限责任公司,福建省,L一级
12207915462122,福建省轻纺（控股）有限责任公司,福建省,L一级
12651102972207,福建省招标采购集团有限公司,福建省,L一级
12713780902245,福建省水利投资开发集团有限公司,福建省,L一级
12439725782306,福建省国有资产管理有限公司,福建省,L一级
12741933892347,江西铜业集团有限公司,江西省,L一级
12664520822711,江西省投资集团有限公司,江西省,L一级
13087459002744,新余钢铁集团有限公司,江西省,L一级
12700516212832,江西省省属国有企业资产经营（控股）有限公司,江西省,L一级
12668809632907,江西省建工集团有限责任公司,江西省,L一级
12369481162940,江西钨业控股集团有限公司,江西省,L一级
12817876503012,江西省水利投资集团有限公司,江西省,L一级
12971722333039,江西省建材集团有限公司,江西省,L一级
12969669833118,中国江西国际经济技术合作有限公司,江西省,L一级
12915385723143,江西省咨询投资集团有限公司,江西省,L一级
13158408223226,江西省盐业集团股份有限公司,江西省,L一级
12717058773253,江西大成国有资产经营管理有限责任公司,江西省,L一级
12941731283321,江西国泰集团股份有限公司,江西省,L一级
12864195683338,江西省军工控股集团有限公司,江西省,L一级
12459883203508,江西省交通投资集团有限责任公司,江西省,L一级
12900068533546,江西长天集团有限公司,江西省,L一级
12389669213835,江西省铁路投资集团有限责任公司,江西省,L一级
12327266994124,山东省商业集团有限公司,山东省,L一级
12899854094449,山东钢铁集团有限公司,山东省,L一级
13109577024532,山东黄金集团有限公司,山东省,L一级
12605855994609,华鲁控股集团有限公司,山东省,L一级
12966300054647,山东省鲁信投资控股集团有限公司,山东省,L一级
12465519924721,山东航空集团有限公司,山东省,L一级
12638481605023,山东高速集团有限公司,山东省,L一级
12949512415102,山东省机场管理集团有限公司,山东省,L一级
13050146335144,山东省农村信用社联合社,山东省,L一级
12429156925233,山东省土地发展集团有限公司,山东省,L一级
12358483425320,山东省国有资产投资控股有限公司,山东省,L一级
12706061035351,山东发展投资控股集团有限公司,山东省,L一级
12567379225425,山东省财金投资集团有限公司,山东省,L一级
12869219725459,山东省农业发展信贷担保有限责任公司,山东省,L一级
12703702195529,山东铁路投资控股集团有限公司,山东省,L一级
12816069075706,山东省交通工业集团控股有限公司,山东省,L一级
12797627185802,山东省港口集团有限公司,山东省,L一级
12933306835827,山东重工集团有限公司,山东省,L一级
12586556345911,山东省盐业集团有限公司,山东省,L一级
12388688910136,山东鲁华能源集团有限公司,山东省,L一级
12418588060231,深圳市东华实业（集团）有限公司,山东省,L一级
12589435970305,上海齐鲁实业（集团）有限公司,山东省,L一级
12982291190358,山东产权交易中心有限公司,山东省,L一级
12295008990512,山东国惠投资控股集团有限公司,山东省,L一级
13101795890601,山东特种设备检验检测集团有限公司,山东省,L一级
12443800150631,山东泰山地勘集团有限公司,山东省,L一级
13127559400710,山东山科控股集团有限公司,山东省,L一级
12754248910755,山东鲁粮集团有限公司,山东省,L一级
12345862050852,水发集团有限公司,山东省,L一级
12423581460925,山东种业集团有限公司,山东省,L一级
12848694680954,山东海洋集团有限公司,山东省,L一级
12304168671044,国泰租赁有限公司,山东省,L一级
13035166121128,中泰证券股份有限公司,山东省,L一级
12229267621327,山东省再担保集团股份有限公司,山东省,L一级
12482215661354,泰山财产保险股份有限公司,山东省,L一级
12558097001509,齐鲁股权交易中心有限公司,山东省,L一级
12761386721544,德华安顾人寿保险有限公司,山东省,L一级
12352570982848,山东颐养健康产业发展集团有限公司,山东省,L一级
12947858161152,河南能源化工集团有限公司,河南省,L一级
12219219550701,中国平煤神马集团,河南省,L一级
12207609121522,郑州煤炭工业（集团）有限责任公司,河南省,L一级
12683728571645,洛阳铜加工集团有限责任公司,河南省,L一级
12909350751713,郑州粮食批发市场有限公司,河南省,L一级
13071529131903,河南省建设集团有限公司,河南省,L一级
13097292641951,河南豫港控股集团有限公司,河南省,L一级
12901416442028,河南省盐业集团有限公司,河南省,L一级
12765062842127,郑州煤矿机械集团股份有限公司,河南省,L一级
12630547302159,河南省民航发展投资有限公司,河南省,L一级
12257206172230,河南铁路投资有限责任公司,河南省,L一级
12757863762339,河南省农业综合开发有限公司,河南省,L一级
12645772582401,中原信托有限公司,河南省,L一级
12566460192427,中原出版传媒投资控股集团有限公司,河南省,L一级
12486718912452,河南省自然资源投资集团有限公司,河南省,L一级
12625461992514,安阳钢铁集团有限责任公司,河南省,L一级
12549886992559,河南物资集团有限公司,河南省,L一级
13017275652630,河南省国有资产控股运营集团有限公司,河南省,L一级
12812852472701,洛阳单晶硅集团有限责任公司,河南省,L一级
12444045222733,中国河南国际合作集团有限公司,河南省,L一级
12969424762756,河南省中原石油天然气集团有限公司,河南省,L一级
12398706352826,河南省经济技术协作集团公司,河南省,L一级
12333179423054,河南机械装备投资集团有限责任公司,河南省,L一级
13028610373132,河南投资集团有限公司,河南省,L一级
12701098273204,河南交通投资集团有限公司,河南省,L一级
12308763823220,河南水利投资集团有限公司,河南省,L一级
12442237803248,河南省机场集团有限公司,河南省,L一级
12984374333310,中原证券股份有限公司,河南省,L一级
12961245383335,河南日报报业集团有限公司,河南省,L一级
12267652493942,湖北联投集团有限公司,湖北省,L一级
12358238344201,湖北文化旅游集团有限公司,湖北省,L一级
12956987204308,湖北交通投资集团有限公司,湖北省,L一级
12203289674504,长江产业投资集团有限公司,湖北省,L一级
12913057514557,湖北省高新产业投资集团有限公司,湖北省,L一级
13090798154637,中南工程咨询设计集团有限公司,湖北省,L一级
12590937054711,湖北铁路集团有限公司,湖北省,L一级
13037249264750,湖北机场集团有限公司,湖北省,L一级
12482062484837,湖北省宏泰集团有限公司,湖北省,L一级
12494346875039,湖北农业发展集团有限公司,湖北省,L一级
12684034925142,湖北银行股份有限公司,湖北省,L一级
13036851025236,湖北省农村信用社联合社,湖北省,L一级
12517077575314,长江财产保险股份有限公司,湖北省,L一级
12186440775412,湖北国际物流机场有限公司,湖北省,L一级
13024076485611,武汉光谷联合产权交易所有限公司,湖北省,L一级
13022514135738,湖北省工业建筑集团有限公司,湖北省,L一级
12773793645759,湖北清能投资发展集团有限公司,湖北省,L一级
12248996165859,湖北盐业集团有限公司,湖北省,L一级
13064146245930,湖北省兴楚国有资产经营管理有限公司,湖北省,L一级
12484145625956,湖北省储备粮油管理有限公司,湖北省,L一级
12433721440142,湖北省农业产业化信用担保股份有限公司,湖北省,L一级
13160583260210,湖北省楚垣集团有限公司,湖北省,L一级
12652113900245,湖北省鼎安集团有限公司,湖北省,L一级
12600311170300,湖南华菱钢铁集团有限责任公司,湖南省,L一级
12521917810359,湖南湘投控股集团有限公司,湖南省,L一级
12619365750435,湖南省建工集团有限公司,湖南省,L一级
13075113350500,长丰集团有限责任公司,湖南省,L一级
12782156820552,湘电集团有限公司,湖南省,L一级
12380325720613,湖南省煤业集团有限公司,湖南省,L一级
12203197770641,湖南省轻工盐业集团有限公司,湖南省,L一级
13075572870701,湖南海利高新技术产业集团有限公司,湖南省,L一级
12973407220742,湖南湘科控股集团有限公司,湖南省,L一级
12612810000802,湖南兴湘投资控股集团有限公司,湖南省,L一级
12504027330826,湖南发展资产管理集团有限公司,湖南省,L一级
12802436780853,湖南高新创投集团有限公司,湖南省,L一级
13128172090913,湖南轨道交通控股集团有限公司,湖南省,L一级
12716231650949,湖南省湘水集团有限公司,湖南省,L一级
12981770411014,湖南省建筑设计院有限公司,湖南省,L一级
12985844781052,现代农业产业控股集团有限公司,湖南省,L一级
12833193691141,湖南省高速公路集团有限公司,湖南省,L一级
12277149151228,湖南省机场管理集团有限公司,湖南省,L一级
13137025421305,湖南省交通水利建设集团有限公司,湖南省,L一级
13052750261447,华天实业控股集团有限公司,湖南省,L一级
12509082001507,湖南黄金集团有限责任公司,湖南省,L一级
12898536811553,三湘集团有限公司,湖南省,L一级
12368654031616,湖南国有资产经营管理有限公司,湖南省,L一级
12272860341647,现代投资股份有限公司,湖南省,L一级
12168856631744,广西农垦集团有限责任公司,广西区,L一级
12234077221902,广西北部湾银行,广西区,L一级
12677080921930,广西玉柴机器集团有限公司,广西区,L一级
12953311071952,广西农村投资集团有限公司,广西区,L一级
12680940852022,广西宏桂资本运营集团有限公司,广西区,L一级
12355848862057,广西林业集团有限公司,广西区,L一级
12163250542119,广西现代物流集团有限公司,广西区,L一级
13113069342138,广西投资集团有限公司,广西区,L一级
12919735802202,广西柳州钢铁集团有限公司,广西区,L一级
13154456382227,广西机场管理集团有限责任公司,广西区,L一级
12678428832302,广西壮族自治区农村信用社联合社,广西区,L一级
12912015942327,广西北部湾投资集团有限公司,广西区,L一级
12759732462348,广西交通投资集团有限公司,广西区,L一级
12158195872414,广西旅游发展集团有限公司,广西区,L一级
13016969312523,中国广西国际经济技术合作公司,广西区,L一级
12875224052556,广西柳工集团有限公司,广西区,L一级
12905889062628,广西汽车集团有限公司,广西区,L一级
12217381482700,广西国宏经济发展集团有限公司,广西区,L一级
12755106672732,广西北部湾国际港务集团有限公司,广西区,L一级
12898107932759,贵州乌江水电开发有限责任公司,贵州省,L一级
13040159533154,贵州钢绳（集团）有限责任公司官网,贵州省,L一级
12938177693546,贵州旅游投资控股（集团）有限责任公司,贵州省,L一级
12199429743632,贵州盐业(集团)有限责任公司,贵州省,L一级
12593449073705,贵州建工集团有限公司,贵州省,L二级
12275862513739,中国贵州茅台酒厂(集团)有限责任公司,贵州省,L一级
13007687093859,贵州省黔晟国有资产经营有限责任公司,贵州省,L一级
12384369463936,西南能矿集团股份有限公司,贵州省,L一级
12224212954001,贵州省煤矿设计研究院有限公司,贵州省,L二级
12589895484056,贵州现代物流产业（集团）有限责任公司,贵州省,L一级
12202217474206,云南航空产业投资集团有限责任公司,云南省,L一级
12513585264441,云南省康旅控股集团有限公司,云南省,L一级
12435375704529,云南省设计院集团有限公司,云南省,L一级
12738319034627,云南昆明钢铁控股有限公司,云南省,L一级
12500535014657,云南省投资控股集团有限公司,云南省,L一级
12955057234737,云南锡业集团（控股）有限责任公司,云南省,L一级
12604630624830,云天化集团有限责任公司,云南省,L一级
12914313524858,云南煤化工集团有限公司,云南省,L一级
12742638485005,云南省建设投资控股集团有限公司,云南省,L一级
13135034195053,云南农垦集团有限责任公司,云南省,L一级
13099927195136,云南省交通投资建设集团有限公司,云南省,L一级
12712157275225,富滇银行股份有限公司,云南省,L一级
12302636950551,金川集团股份有限公司,甘肃省,L一级
12720673630745,酒泉钢铁（集团）有限责任公司,甘肃省,L一级
12826944280810,白银有色集团股份有限公司,甘肃省,L一级
12903714020855,甘肃省物产集团有限责任公司,甘肃省,L一级
12286094390943,甘肃省建设投资（控股）集团有限公司,甘肃省,L一级
12717487661013,甘肃能源化工投资集团有限公司,甘肃省,L一级
12829915811053,靖远煤业集团有限责任公司,甘肃省,L一级
12719785231138,窑街煤电集团有限公司,甘肃省,L一级
13045489911224,兰州兰石集团有限公司,甘肃省,L一级
12998864391259,甘肃省电力投资集团有限责任公司,甘肃省,L一级
12768279451335,甘肃省公路航空旅游投资集团有限公司,甘肃省,L一级
13059489821422,甘肃省民航机场集团有限公司,甘肃省,L一级
12302606321627,甘肃省城乡发展投资集团有限公司,甘肃省,L一级
13066872701742,甘肃金融控股集团有限公司,甘肃省,L一级
12966177511812,甘肃省铁路投资建设集团有限公司,甘肃省,L一级
13016816131856,甘肃工程咨询集团股份有限公司,甘肃省,L一级
12288667671928,甘肃电气装备集团有限公司,甘肃省,L一级
12510368651953,甘肃科技投资集团有限公司,甘肃省,L一级
12811473922020,甘肃省公路交通建设集团有限公司,甘肃省,L一级
12874121222054,丝绸之路信息港股份有限公司,甘肃省,L一级
12848418972120,甘肃药业投资集团有限公司,甘肃省,L一级
12680971482157,甘肃文旅产业集团有限公司,甘肃省,L一级
12885547842229,华龙证券股份有限公司,甘肃省,L一级
12696258032259,甘肃新盛国资管理运营有限公司,甘肃省,L一级
12502679422330,甘肃省水利水电工程局有限责任公司,甘肃省,L一级
12843731922415,甘肃省有色金属企业管理公司,甘肃省,L一级
13049380472454,甘肃省新业资产经营有限责任公司,甘肃省,L一级
12884843252530,白银有色产业集团有限责任公司,甘肃省,L一级
12291792382552,甘肃省长城建设集团有限责任公司,甘肃省,L一级
13007809632647,甘肃省水务投资有限责任公司,甘肃省,L一级
13114233452711,丝绸之路国际知识产权港有限责任公司,甘肃省,L一级
12676743942846,陕西延长石油（集团）有限责任公司,陕西省,L一级
12210764462919,陕西煤业化工集团有限责任公司,陕西省,L一级
12410286142944,陕西投资集团有限公司,陕西省,L一级
12199644183022,陕西有色金属控股集团有限责任公司,陕西省,L一级
13001927833059,陕西建工控股集团有限公司,陕西省,L一级
13039454943142,陕西医药控股集团有限责任公司,陕西省,L一级
12597002663227,西部机场集团有限公司,陕西省,L一级
12349507543357,陕西旅游集团有限公司,陕西省,L一级
12334711143433,陕西省物流集团有限责任公司,陕西省,L一级
12824677333527,陕西延安石油天然气有限公司,陕西省,L一级
12948715923548,陕西省会展中心集团有限公司,陕西省,L一级
12201420973737,陕西地矿集团有限公司,陕西省,L一级
12188585173807,中陕核工业集团公司,陕西省,L一级
12816007813834,陕西电子信息集团有限公司,陕西省,L一级
12383389164030,陕西汽车控股集团有限公司,陕西省,L一级
12984956384100,陕西法士特汽车传动集团有限责任公司,陕西省,L一级
12601199574135,陕西省外经贸实业集团有限公司,陕西省,L一级
12919368194246,陕西粮农集团有限公司,陕西省,L一级
12808257314341,陕西省引汉济渭工程建设有限公司,陕西省,L一级
12539195594408,陕西水务集团有限公司,陕西省,L一级
12181294194434,陕西林业集团有限公司,陕西省,L一级
12993748454457,陕西环保产业集团有限责任公司,陕西省,L一级
12289372274544,陕西省土地工程建设集团有限责任公司,陕西省,L一级
12602853824615,陕西果业集团有限公司,陕西省,L一级
12375577404655,陕西省东庄水利枢纽工程建设有限责任公司,陕西省,L一级
12988693784841,陕西铁路集团有限公司,陕西省,L一级
12506723164941,陕西省大数据集团有限公司,陕西省,L一级
12719846505043,陕西省农垦集团有限责任公司,陕西省,L一级
12462211415106,陕西移民（脱贫）搬迁开发集团有限公司,陕西省,L一级
12281928115134,陕西渭河生态集团有限公司,陕西省,L一级
12716844335151,西部矿业集团有限公司,青海省,L一级
12495725425451,青海省投资集团有限公司,青海省,L一级
12760191975536,青海盐湖工业集团股份有限公司,青海省,L一级
12451581285614,西宁特殊钢集团有限责任公司,青海省,L一级
13136045125715,青海银行股份有限公司,青海省,L一级
12443983965757,青海省国有资产投资管理有限公司,青海省,L一级
12908064105842,青海省水利水电（集团）有限责任公司,青海省,L一级
12857823735924,青海省公路桥梁工程集团有限公司,青海省,L一级
13025393760001,青海省三江集团有限责任公司,青海省,L一级
12645466240041,青海省能源发展（集团）有限责任公司,青海省,L一级
12721102510121,青海创安有限公司,青海省,L一级
12174278920156,青海省物资产业集团总公司,青海省,L一级
12683943020248,青海省汽车运输集团有限公司,青海省,L一级
12899547750313,青海机电国有控股公司,青海省,L一级
12388842080400,青海金诃藏医药集团有限公司,青海省,L一级
12186410130550,深圳青鹏集团有限公司,青海省,L一级
12312286780608,宁夏农垦集团有限公司,宁夏区,L一级
12241215031009,宁夏国有资本运营集团有限责任公司,宁夏区,L一级
12896208601055,宁夏建设投资集团有限公司,宁夏区,L一级
12605212671138,宁夏旅游投资集团有限公司,宁夏区,L一级
12786751981244,宁夏交通投资集团有限公司,宁夏区,L一级
12505926661346,宁夏农业投资集团有限公司,宁夏区,L一级
12435590141444,宁夏国有资产投资控股集团有限公司,宁夏区,L一级
12184817141536,宁夏西部创业实业股份有限公司,宁夏区,L一级
12422356091734,新疆产权交易所有限责任公司,新疆区,L一级
12338693611903,新疆有色金属工业(集团)有限责任公司,新疆区,L一级
12324203552158,新疆中泰化学股份有限公司,新疆区,L一级
12974326262230,新疆新能源（集团）有限责任公司,新疆区,L一级
12694634412340,新疆投资发展（集团）有限责任公司,新疆区,L一级
12908523622403,新疆雪峰科技(集团)股份有限公司,新疆区,L一级
12481112822621,新疆新业国有资产经营（集团）有限责任公司,新疆区,L一级
12500626922706,新疆交通建设集团股份有限公司,新疆区,L一级
12792541872756,新疆金融投资有限公司,新疆区,L一级
12222160452836,新疆建筑设计研究院有限公司,新疆区,L一级
12770668934042,新疆兵设物产管理有限责任公司,新疆兵,L一级
12755382384149,新疆生产建设兵团能源集团有限责任公司,新疆兵,L一级
13037096094527,新疆生产建设兵团电力集团有限责任公司,新疆兵,L一级
12418312354630,新疆兵团勘测设计院（集团）有限责任公司,新疆兵,L一级
12817478264748,新疆乐道商贸有限责任公司,新疆兵,L一级
12749194235012,新疆通用航空有限责任公司,新疆兵,L一级
12588792655458,西藏国有资本投资运营有限公司,西藏区,L一级
12294426945600,西藏能源投资有限公司,西藏区,L一级
12311520925640,西藏国盛园区发展投资有限公司,西藏区,L一级
12668533925734,西藏甘露藏医药产业集团有限公司,西藏区,L一级
12420089145805,西藏建工建材集团有限公司,西藏区,L一级
12171338022116,中国出版集团有限公司,国家部委,L一级
12741106762300,中国国家铁路集团有限公司,国家部委,L一级
12229451432634,中国烟草总公司,国家部委,L一级
13161012142818,中国邮政集团有限公司,国家部委,L一级
12919123112905,中国对外文化集团有限公司,国家部委,L一级
12231595832824,中国铁塔股份有限公司,央企控股,L二级
12842169563310,中国印钞造币集团有限公司,国家部委,L一级
12364365223825,中国金融电子化集团有限公司,国家部委,L一级
12363966974338,中国金币集团有限公司,国家部委,L一级
13080872611214,中国证券投资者保护基金有限责任公司,中央金融,L一级
12657719993328,北大荒农垦集团有限公司,国家部委,L一级
12677908043714,中国南水北调集团有限公司,中央国资,L一级
12722358524219,国家集成电路产业投资基金股份有限公司,国家部委,L一级
12274453324643,国家农业信贷担保联盟有限责任公司,国家部委,L一级
12287901824850,国家中小企业发展基金有限公司,国家部委,L一级
12675089680326,吉林省国有资本运营有限责任公司,吉林省,L一级
13109668924320,中国矿产资源集团有限公司,中央国资,L一级
12173604960338,吉林省农业发展集团有限公司,吉林省,L一级
12628494800429,吉林省旅游控股集团有限责任公司,吉林省,L一级
12299787950528,吉林省金融控股集团股份有限公司,吉林省,L一级
12244584810637,吉林省工致科技开发有限公司,吉林省,L一级
12848173900731,吉林省瑞洋水利水电工程有限公司,吉林省,L一级
12437121860810,吉林省摄维测绘有限公司,吉林省,L一级
12412093570948,吉林省能源投资集团有限责任公司,吉林省,L一级
13096496141026,长春市泰湖宾馆有限公司,吉林省,L一级
12535458201103,吉林省东北虎园有限公司,吉林省,L一级
12161106141230,吉林省江河工程咨询有限公司,吉林省,L一级
12192965891341,吉林盛嘉房地产开发有限责任公司,吉林省,L一级
12303770421418,吉林省松苑物业服务有限公司,吉林省,L一级
12653461811443,生态 吉林省世纪生态农业开发有限责任公司,吉林省,L一级
12775325361544,吉林省吉新集团有限公司,吉林省,L一级
12819224421639,吉林省光正矿业有限责任公司,吉林省,L一级
12862326981711,吉林省水网发展集团有限公司,吉林省,L一级
12353244941812,吉林省丰鑫物业管理有限公司,吉林省,L一级
12477926842015,吉林省福迪门窗有限公司,吉林省,L一级
12840454042108,吉林省珲春老龙口供水有限责任公司,吉林省,L一级
12781513502212,吉林省交通水泥厂,吉林省,L一级
12718835572322,吉林省稷丰种猪场,吉林省,L一级
12474495792428,长春教育宾馆,吉林省,L一级
12989000122539,城市 吉林省吉规城市建筑设计有限责任公司,吉林省,L一级
12205464712636,吉林省新发宾馆,吉林省,L一级
12988969492903,吉林省机械设备成套招标公司,吉林省,L一级
13118706073148,吉林省松苑建筑工程有限责任公司,吉林省,L一级
12531873983302,四平市东方换热设备制造厂,吉林省,L一级
12626350393322,吉林省启龙房地产开发有限公司,吉林省,L一级
12697667223413,吉林省四方坨子农场,吉林省,L一级
12332934353434,吉林坤源有色矿业投资有限责任公司,吉林省,L一级
12417883473533,吉林方泰工程基础检测中心,吉林省,L一级
12615628363549,上海吉林招商服务中心,吉林省,L一级
12389332233612,吉林省松苑物资经销处,吉林省,L一级
12298501313630,吉林省农垦农业生产资料供销中心,吉林省,L一级
13064421953743,吉林粮食集团有限公司,吉林省,L一级
12965227853845,吉林省吉兴建筑装饰有限公司,吉林省,L一级
12185644274015,吉林省建设工程造价管理站建筑专业书社,吉林省,L一级
12846366474033,吉林省盐业集团有限公司,吉林省,L一级
13116806734142,吉林市益丰微型计算机经销部,吉林省,L一级
12572770874208,吉林省地矿基础工程公司,吉林省,L一级
12512850034305,吉林省蓝田机械化凿岩工程公司,吉林省,L一级
12367551194345,地矿长春地质工程勘察院,吉林省,L一级
12647610654503,四平市地勘测绘院,吉林省,L一级
12757434884522,吉林省地质工程勘察院,吉林省,L一级
12810309814714,长春地质勘察材料供应站,吉林省,L一级
13090981964730,吉林省委机关汽车销售服务有限公司,吉林省,L一级
12395642914809,吉林省兴亚矿业有限责任公司,吉林省,L一级
13134972924829,地质矿产部吉林基础工程公司,吉林省,L一级
12685689174844,吉林省地球物理勘查公司,吉林省,L一级
12659404884859,吉林省驻天津市吉津经济开发公司,吉林省,L一级
12628709244917,吉林省探矿机械厂,吉林省,L一级
12996505544935,吉林嫩江农工商肉食联合企业公司,吉林省,L一级
12791837285533,辽宁物产集团有限责任公司,辽宁省,L一级
12397174635604,辽宁南票煤矿有限公司,辽宁省,L一级
12448824195643,辽宁省装备集团有限责任公司,辽宁省,L一级
13025118055731,辽宁资产托管经营有限责任公司,辽宁省,L一级
12308488125822,辽宁振兴实业集团有限公司,辽宁省,L一级
12585085890812,黑龙江省铁路集团有限责任公司,黑龙江,L一级
13075419690852,黑龙江新世纪国有资产经营有限公司,黑龙江,L一级
12461996971403,北京菜篮子集团有限公司,北京市,L一级
12202370641756,北京保障房中心有限公司,北京市,L一级
12887263361846,北京市新兴房地产开发总公司,北京市,L一级
12780931452240,天津国弘企业管理有限公司,天津市,L一级
12955700562350,天津职业教育投资发展有限公司,天津市,L一级
12737920782523,天津市一轻集团（控股）有限公司,天津市,L一级
12175902542615,天津联华集团有限公司,天津市,L一级
13004623652651,天津市城乡地产房屋开发有限公司,天津市,L一级
12450141472731,天津农垦宏达有限公司,天津市,L一级
12765644890721,河北物产企业（集团）公司,河北省,L一级
13096220430829,河北省物流产业集团有限公司,河北省,L一级
12910361680920,河北地矿集团有限公司,河北省,L一级
12355328071007,河北高速公路集团有限公司,河北省,L一级
12420548661120,中国雄安集团有限公司,河北省,L一级
13116592291455,河北省地理信息集团有限公司,河北省,L一级
12787579111551,河北交通投资集团有限公司,河北省,L一级
12569646161800,河北省建筑科学研究院有限公司,河北省,L一级
12344238431905,河北建设投资集团有限责任公司,河北省,L一级
12682809542940,山西省国有资本运营有限公司,山西省,L一级
12313113913017,山西省冶金研究所试验厂,山西省,L一级
12378885913135,山西省机械设备总公司,山西省,L一级
12414574963208,山西省民族经济贸易总公司,山西省,L一级
13021227483241,山西省水电公司,山西省,L一级
12789600973323,山西省农牧业开发总公司,山西省,L一级
12889469043357,山西省体育服务总公司,山西省,L一级
12666083173429,山西省纺织品进出口公司,山西省,L一级
13112854903647,中国出口商品基地建设山西公司,山西省,L一级
13108443553723,山西省牧工商总公司,山西省,L一级
12408264273751,山西省粮油食品进出口公司,山西省,L一级
12825627003837,山西省林草工程技术有限公司,山西省,L一级
13035380574034,内蒙古文化旅游投资集团有限公司,内蒙古,L一级
13156141274152,内蒙古林草生态建设有限责任公司,内蒙古,L一级
12845110464234,内蒙古新华控股有限公司,内蒙古,L一级
12524613634433,内蒙古土地资源收储投资(集团)有限公司,内蒙古,L一级
12188830254520,内蒙古正益实业集团有限责任公司,内蒙古,L一级
12362190174613,内蒙古恒正实业集团有限公司,内蒙古,L一级
12822134684650,内蒙古自治区基本建设咨询投资有限公司,内蒙古,L一级
13118062744721,内蒙古出版集团有限责任公司,内蒙古,L一级
12320925674801,内蒙古煤炭地质勘查(集团)有限责任公司,内蒙古,L一级
12803141374923,内蒙古地质矿产（集团）有限责任公司,内蒙古,L一级
12186961555055,内蒙古有色地质矿业(集团)有限责任公司,内蒙古,L一级
12690376235138,内蒙古高速公路集团有限责任公司,内蒙古,L一级
12752441485214,内蒙古电影集团有限责任公司,内蒙古,L一级
12249486315300,内蒙古多力科技投资有限责任公司,内蒙古,L一级
12454736625343,内蒙古科技信息网络工程技术研究中心,内蒙古,L一级
12774957745723,上海市现代农业投资发展集团有限公司,上海市,L一级
13047756850018,上海文化广播影视集团有限公司,上海市,L一级
12904541150142,上海国有资本投资有限公司,上海市,L一级
12378671470220,上海上勤(集团)有限公司,上海市,L一级
12799220170311,上海开祥投资管理有限公司,上海市,L一级
12163005470405,上海社会福利发展有限公司,上海市,L一级
12727106850515,上海申康投资有限公司,上海市,L一级
13075542230549,上海同盛投资（集团）有限公司,上海市,L一级
13031765710653,上海世纪出版(集团)有限公司,上海市,L一级
12913639560737,上海交大产业投资管理(集团)有限公司,上海市,L一级
12912077210834,上海交大企业管理中心,上海市,L一级
12607785960929,上海城建(集团)有限公司,上海市,L一级
12323897211022,上海电影(集团)有限公司,上海市,L一级
12419292651120,上海汽车工业(集团)有限公司,上海市,L一级
13141375501233,上海展览中心(集团)有限公司,上海市,L一级
12242899921310,上海市东湖(集团)有限公司,上海市,L一级
12373953771458,上海海外有限公司,上海市,L一级
12913670192255,浙江省自然资源集团有限公司,浙江省,L一级
12527003112430,浙江省交通投资集团有限公司,浙江省,L一级
12260177712902,安徽省丝绸公司,安徽省,L一级
12773456663211,福建省能源石化集团有限责任公司,福建省,L一级
12215880403250,福建省大数据集团有限公司,福建省,L一级
13009280083356,福建省产权交易中心,福建省,L一级
12612840633500,福建省船舶工业集团有限公司,福建省,L一级
12600433713534,福建省三联经济发展公司,福建省,L一级
12681369733713,福建省汽车工业公司,福建省,L一级
13144990363949,江西大成国有资产经营管理集团有限公司,江西省,L一级
12272890974032,江西省国兴资产管理有限公司,江西省,L一级
12703058874123,江西省国有资本运营控股集团有限公司,江西省,L一级
12293967424256,山东省电子口岸有限公司,山东省,L一级
12960265084400,山东产权交易集团有限公司,山东省,L一级
13036054524432,山东人才发展集团有限公司,山东省,L一级
12817631434517,山东南郊集团有限公司,山东省,L一级
12341573244903,山东能源集团有限公司,山东省,L一级
12825473835000,山东省水利勘测设计院有限公司,山东省,L一级
12331831515250,河南省豫地科技集团有限公司,河南省,L一级
12347945195337,河南中州集团有限公司,河南省,L一级
12555738165408,河南国有资本运营集团有限公司,河南省,L一级
12774406325511,河南省文化旅游投资集团有限公司,河南省,L一级
12921053085543,豫信电子科技集团有限公司,河南省,L一级
12554114535631,中国平煤神马控股集团有限公司,河南省,L一级
13039516215722,河南中原煤业化工集团有限责任公司,河南省,L一级
13099682125800,河南能源集团有限公司,河南省,L一级
12903468955848,河南铝粘土矿产品批发市场,河南省,L一级
12663571165942,河南金粮源商贸有限公司,河南省,L一级
12453940130024,河南金地粮食集团有限公司,河南省,L一级
12806235440117,河南纺织研究院有限公司,河南省,L一级
12565020370158,义马煤业集团股份有限公司,河南省,L一级
12355971400256,河南豫新国际有限公司,河南省,L一级
12705478980327,河南中豫国际港务集团有限公司,河南省,L一级
12881013950433,河南外服人力资源有限公司,河南省,L一级
12385533570518,河南省塑料工业公司,河南省,L一级
12475721170557,河南省电子工业总公司,河南省,L一级
12477375420639,河南省对外劳务合作公司,河南省,L一级
13080076120722,河南省中原石油天然气开发总公司,河南省,L一级
12742914191501,湖北鼎安集团有限责任公司,湖北省,L一级
12740769781825,湖北股权托管股份有限公司,湖北省,L一级
12853902531858,深圳市金宝丰投资控股有限公司,湖北省,L一级
12160707892321,湖南医药发展投资集团有限公司,湖南省,L一级
12380907782412,湖南建设投资集团有限责任公司,湖南省,L一级
12875438492445,湖南农业发展投资集团有限责任公司,湖南省,L一级
13076246822520,湖南有色产业投资集团有限责任公司,湖南省,L一级
13154119402550,湖南阳光华天旅游发展集团有限责任公司,湖南省,L一级
12764235712708,湖南省稀土产业集团有限公司,湖南省,L一级
12928803572738,湖南鑫牛资产管理集团有限公司,湖南省,L一级
12219832232914,华菱控股集团有限公司,湖南省,L一级
13145449872947,湖南高新创业投资集团有限公司,湖南省,L一级
13090736883148,湖南环达公路桥梁建设总公司,湖南省,L一级
12268602163253,湖南省机械工业设计研究院有限公司,湖南省,L一级
12694082993431,湖南省现代农业产业控股集团有限公司,湖南省,L一级
13023831413744,广东省电子口岸管理有限公司,广东省,L一级
12678918984113,广西德铸投资有限公司,广西区,L一级
12839198034142,广西桂顺达资产运营管理有限公司,广西区,L一级
12575436064215,广西新风兴资产管理有限公司,广西区,L一级
13062155014252,广西玉林汇融投资管理有限公司,广西区,L一级
12688997694331,广西杰鑫产业投资有限公司,广西区,L一级
12644976094409,广西西江开发投资集团南宁投资有限公司,广西区,L一级
12472841544527,广西有色金属集团有限公司,广西区,L一级
13084732544850,海南省物流集团有限公司,海南省,L一级
13112395384928,海南省工程咨询设计集团有限公司,海南省,L一级
12311122675021,海南农垦资产管理有限公司,海南省,L一级
12871302855116,海南省机场投资管理有限公司,海南省,L一级
12809482685157,海南港航控股有限公司,海南省,L一级
12841955125247,海南金城国有资产经营管理有限责任公司,海南省,L一级
12734918625353,海南华盈投资控股有限公司,海南省,L一级
12227980985424,海南马村港港务公司,海南省,L一级
12354868565449,海南省扶贫工业开发区总公司,海南省,L一级
12742301505533,海南省水利水电勘测设计研究院有限公司,海南省,L一级
12957171015603,海南省海运总公司,海南省,L一级
12869709875639,海口港集团公司,海南省,L一级
12370063215853,四川省现代种业发展集团有限公司,四川省,L一级
12880217465940,四川省川粮工程设计研究院有限责任公司,四川省,L一级
13142907220038,四川吾颐馨健康管理有限责任公司,四川省,L一级
12190852120124,泸州神农科技开发有限责任公司,四川省,L一级
12912934970152,四川省歌舞剧院有限责任公司,四川省,L一级
12523633330238,四川省公路规划勘察设计研究院有限公司,四川省,L一级
12791469670323,四川安信科创科技有限公司,四川省,L一级
12695921060402,四川省锦弘集团有限责任公司,四川省,L一级
12831539430437,四川省煤炭产业集团有限责任公司,四川省,L一级
12994698120636,四川省安科技术咨询有限公司,四川省,L一级
13141038520711,四川惠友物业管理有限责任公司,四川省,L一级
13028886080821,四川省川粮贸易开发公司,四川省,L一级
13092146060911,四川省交通勘察设计研究院有限公司,四川省,L一级
12220720631249,环球景行实业有限公司,重庆市,L一级
12993870991350,重庆市交通运输资产经营有限公司,重庆市,L一级
13037187991433,重庆卢作孚股权基金管理有限公司,重庆市,L一级
12739697581521,重庆园林绿化建设投资(集团)有限公司,重庆市,L一级
13092360501617,重庆国创投资管理有限公司,重庆市,L一级
12405629721808,重庆铝产业开发投资集团有限公司,重庆市,L一级
12769903072037,重庆食品集团公司,重庆市,L一级
12880309362133,重庆鑫昌调味品销售有限公司,重庆市,L一级
13113436952209,重庆华运百货有限公司,重庆市,L一级
12635969582236,重庆华运物业发展有限公司,重庆市,L一级
12224121052413,贵州习酒投资控股集团有限责任公司,贵州省,L一级
12649050462457,贵州酒店集团有限公司,贵州省,L一级
12986763812541,贵州乌江能源集团有限责任公司,贵州省,L一级
12791255232728,云上贵州大数据(集团)有限公司,贵州省,L一级
12190361972813,贵州航空投资控股集团有限责任公司,贵州省,L一级
12494101792857,贵州瑞泰实业有限公司,贵州省,L一级
12980606302932,贵州交通建设集团有限公司,贵州省,L一级
12254663523100,贵州磷化(集团)有限责任公司,贵州省,L一级
12617650233216,贵州省水利投资（集团）有限责任公司,贵州省,L一级
12400942663252,贵州铁路投资集团有限责任公司,贵州省,L一级
12722419793612,贵州省国际会议中心有限公司,贵州省,L一级
13079218363655,七冶建设集团有限责任公司,贵州省,L一级
13010566723741,贵州省机场集团有限公司,贵州省,L一级
12311275843828,贵州盘江煤电集团有限责任公司,贵州省,L一级
12301840463950,贵州现代物流产业(集团)有限责任公司,贵州省,L一级
13015069974120,贵州水红铁路有限责任公司,贵州省,L二级
12687159624203,贵州高速公路集团有限公司,贵州省,L一级
12511716564236,贵州省公路开发有限责任公司,贵州省,L一级
13024627904319,贵州省港航集团有限公司,贵州省,L一级
12787977354345,贵州省公路建设养护集团有限公司,贵州省,L一级
12592836384458,贵州遵钛(集团)有限责任公司,贵州省,L一级
12400636324634,云南滇资和升投资发展有限公司,云南省,L一级
12636367834719,云南省信用增进有限公司,云南省,L一级
12256072704952,云南联云集团有限责任公司,云南省,L一级
12959866835024,云南云勤服务集团有限责任公司,云南省,L一级
12532241595109,云南省扶贫投资开发有限公司,云南省,L一级
12161075505140,云南省国有资本运营有限公司,云南省,L一级
12745150505301,云南省工业投资控股集团有限责任公司,云南省,L一级
12875193425437,云南省太安园艺场,云南省,L一级
12509970405515,云南省国有资产经营有限责任公司,云南省,L一级
12464754065557,云南大板桥综合加工厂,云南省,L一级
12509418985633,云南省漠沙亚热带园艺场,云南省,L一级
12642647885734,云南外事服务中心,云南省,L一级
12568298255804,云南省大板桥园艺场,云南省,L一级
12577978715904,云南省仁兴饲养场,云南省,L一级
13135371170040,西藏交通发展集团有限公司,西藏区,L一级
12563182310201,西藏矿业资产经营有限公司,西藏区,L一级
12613637120534,陕西交通控股集团有限公司,陕西省,L一级
12463926930603,长安汇通有限责任公司,陕西省,L一级
13042732820652,陕西黄河古贤水利枢纽开发有限公司,陕西省,L一级
12888182390748,陕西省铁路集团有限公司,陕西省,L一级
12686056791038,陕西稀有金属科工集团有限责任公司,陕西省,L一级
13059030301103,陕西科技控股集团有限责任公司,陕西省,L一级
12264619691209,陕西粮农集团有限责任公司,陕西省,L一级
12531230661302,陕西省水务集团有限公司,陕西省,L一级
12850502111335,中陕核工业集团有限公司,陕西省,L一级
12391537911739,甘肃建瓴新业资产管理有限责任公司,甘肃省,L一级
12663693691830,甘肃省交通投资管理有限公司,甘肃省,L一级
12414268611939,甘肃省国有资产投资集团有限公司,甘肃省,L一级
12251569452038,甘肃科达建筑工程质量检测中心有限公司,甘肃省,L一级
12829609472223,甘肃省城市建设投资有限责任公司,甘肃省,L一级
12404281812322,甘肃省工程设计研究院有限责任公司,甘肃省,L一级
13102224772355,甘肃省水利水电岩土工程有限公司,甘肃省,L一级
12455594382432,甘肃省融资再担保集团有限公司,甘肃省,L一级
12446312172635,甘肃中金实业有限公司,甘肃省,L一级
12381826812711,兰州理工大学建筑勘察设计院有限责任公司,甘肃省,L一级
13080229292758,甘肃省建设投资(控股)集团有限公司,甘肃省,L一级
12570963442913,甘肃省建材科研设计院有限责任公司,甘肃省,L一级
12267039812944,兰州有色建筑新技术实业开发公司,甘肃省,L一级
12430198493012,兰州饭店有限公司,甘肃省,L一级
13000641183054,国营长风机器厂,甘肃省,L一级
12891613443428,青海西钢矿冶科技有限公司,青海省,L一级
12401524713541,青海机电国有控股有限公司,青海省,L一级
12748734723615,青海省胜利宾馆有限公司,青海省,L一级
12297919263732,青海省物产集团有限公司,青海省,L一级
12268816604039,宁夏兴通源实业集团有限公司,宁夏区,L一级
12351223074234,新疆水利发展投资(集团)有限公司,新疆区,L一级
12259932634331,新疆额尔齐斯河投资开发(集团)有限公司,新疆区,L一级
12173053544412,新疆伊犁河水利水电投资开发(集团)有限公司,新疆区,L一级
12928711674453,新疆水利水电勘测设计研究院有限责任公司,新疆区,L一级
12643015494630,新疆地矿投资(集团)有限责任公司,新疆区,L一级
12760620864709,新疆水利投资控股有限公司,新疆区,L一级
12263853834739,新疆交通建设投资控股有限公司,新疆区,L一级
12496276834820,新疆农牧业投资(集团)有限责任公司,新疆区,L一级
12926077124852,新疆中泰（集团）有限责任公司,新疆区,L一级
12853443014952,乌鲁木齐市新华书店发行有限责任公司,新疆区,L一级
12954536455028,新疆教育出版社有限责任公司,新疆区,L一级
12688630075057,新疆丝路明珠商务有限责任公司,新疆区,L一级
13024413465128,新疆外贸财务有限责任公司,新疆区,L一级
12983608475157,新疆出版印刷物资有限责任公司,新疆区,L一级
12958855905230,新疆新华书店发行有限责任公司,新疆区,L一级
12954873435302,新疆新华印务有限责任公司,新疆区,L一级
13122627275414,新疆维吾尔自治区储备粮管理有限责任公司,新疆区,L一级
12990256135612,中新建物流集团有限责任公司,新疆兵,L一级
13069721705936,新疆绿原国有资本投资运营有限公司,新疆兵,L一级
12332076580030,新疆徕远经贸投资(集团)有限责任公司,新疆兵,L一级
12775968680127,新疆兵团勘测设计院(集团)有限责任公司,新疆兵,L一级
12600617522408,中国通用航空有限责任公司,海南省,L一级
12886558773804,中国方正出版社有限公司,国家部委,L一级
13105012504052,党建读物出版社有限公司,国家部委,L一级
12265263014244,中国新闻出版传媒集团有限公司,国家部委,L一级
12718774304614,五洲传播出版传媒有限公司,国家部委,L一级
12896392414741,学习出版社有限公司,国家部委,L一级
12243665784832,线装书局有限公司,国家部委,L一级
12716813705016,中国书籍出版社有限公司,国家部委,L一级
12975122755052,宗教文化出版社有限公司,国家部委,L一级
12165762565156,当代世界出版社有限公司,国家部委,L一级
12317739705310,中国长安出版传媒有限公司,国家部委,L一级
12329074425438,九州出版社有限公司,国家部委,L一级
12231840915615,世界知识出版社有限公司,国家部委,L一级
12474036285826,中国计划出版社有限公司,国家部委,L一级
12344851125910,中国市场出版社有限公司,国家部委,L一级
12540512870046,中国教育出版传媒集团有限公司,国家部委,L一级
13123546300130,教育科学出版社有限公司,国家部委,L一级
12710288580216,科学技术文献出版社有限公司,国家部委,L一级
12714577390405,中国工信出版传媒集团有限责任公司,国家部委,L一级
13003735260441,中国民族文化出版社有限公司,国家部委,L一级
12466193880530,中国社会出版社有限公司,国家部委,L一级
12678735170622,法律出版社有限公司,国家部委,L一级
13140425840703,中国法制出版社有限公司,国家部委,L一级
12861898100745,中国财经出版传媒集团有限责任公司,国家部委,L一级
12641606310819,中国人力资源和社会保障出版集团有限公司,国家部委,L一级
13060408850937,中国地图出版社有限公司,国家部委,L一级
12763745561014,海洋出版社有限公司,国家部委,L一级
12225285151102,地质出版社有限公司,国家部委,L一级
12331586431159,中国大地出版社有限公司,国家部委,L一级
12772415091258,成都地图出版社有限公司,国家部委,L一级
12917928371343,西安地图出版社有限公司,国家部委,L一级
12227674631432,哈尔滨地图出版社有限公司,国家部委,L一级
12727045581539,中国环境出版集团有限公司,国家部委,L一级
12202278741613,中国环境报社有限公司,国家部委,L一级
12234261021720,中国建筑出版传媒有限公司,国家部委,L一级
12292588871806,中国城市出版社有限公司,国家部委,L一级
12231902181935,建筑杂志社有限公司,国家部委,L一级
12427502662026,人民交通出版传媒管理有限公司,国家部委,L一级
13146001292132,中国交通报社有限公司,国家部委,L一级
12638573512213,中国水运报社有限公司,国家部委,L一级
12253989562251,中国水利水电出版传媒集团有限公司,国家部委,L一级
12520692432350,中国农业出版社有限公司,国家部委,L一级
12678306292425,中国农业科学技术出版社有限公司,国家部委,L一级
12272278282507,中国商务出版社有限公司,国家部委,L一级
12383726142619,中国文化传媒集团有限公司,国家部委,L一级
12999446442742,国家图书馆出版社有限公司,国家部委,L一级
12169745032905,中国动漫集团有限公司,国家部委,L一级
12361026072936,中国数字文化集团有限公司,国家部委,L一级
12448119603014,故宫出版社有限公司,国家部委,L一级
12629628273129,文化艺术出版社有限公司,国家部委,L一级
13078299323250,中国旅游出版社有限公司,国家部委,L一级
12159942033325,人民卫生出版社有限公司,国家部委,L一级
13139108563630,健康报社有限公司,国家部委,L一级
12787211493712,中国人口报社有限公司,国家部委,L一级
13138955393756,中国人口出版社有限公司,国家部委,L一级
12421437063849,《中国卫生》杂志社有限公司,国家部委,L一级
12790979524044,应急管理出版社有限公司,国家部委,L一级
13150167574117,中国金融出版社有限公司,国家部委,L一级
12213368384204,中国时代经济出版社有限公司,国家部委,L一级
12510307384245,化学工业出版社有限公司,国家部委,L一级
12204913294325,中国轻工业出版社有限公司,国家部委,L一级
12490211234409,中国纺织出版社有限公司,国家部委,L一级
12755719364445,冶金工业出版社有限公司,国家部委,L一级
12405170204521,中国财富出版社有限公司,国家部委,L一级
12498758224639,中国商业出版社有限公司,国家部委,L一级
13054190074751,企业管理出版社有限公司,国家部委,L一级
12594858254831,中国海关出版社有限公司,国家部委,L一级
12311122674915,中国税务出版社有限公司,国家部委,L一级
12871302855011,中国质量标准出版传媒有限公司,国家部委,L一级
12307599725049,中国工商出版社有限公司,国家部委,L一级
12162699125121,中国广播电视网络集团有限公司,国家部委,L一级
13144469575204,中广传播集团有限公司,国家部委,L一级
12623041885253,中国广播影视出版社有限公司,国家部委,L一级
12647641285331,中国体育报业总社有限公司,国家部委,L一级
12964584525446,中国统计出版社有限公司,国家部委,L一级
12374474565521,中国言实出版社有限公司,国家部委,L一级
12209355285559,中国国际广播出版社有限公司,国家部委,L一级
12382500775644,中国电力传媒集团有限公司,国家部委,L一级
12815180685718,中国林业出版社有限公司,国家部委,L一级
12247188735810,中国民航报社,国家部委,L一级
12852125735909,中国民航出版社有限公司,国家部委,L一级
13013415720015,文物出版社有限公司,国家部委,L一级
12435099990047,中国文物报社有限公司,国家部委,L一级
12886221790127,中国中医药出版社有限公司,国家部委,L一级
12289893050156,中国中医药报社有限公司,国家部委,L一级
12885118960250,中医古籍出版社有限公司,国家部委,L一级
12582206260337,中国健康传媒集团有限公司,国家部委,L一级
12678949610419,知识产权出版社有限责任公司,国家部委,L一级
12972457560458,金城出版社有限公司,国家部委,L一级
13101091300553,中国文史出版社有限公司,国家部委,L一级
12335875250651,人民法院出版社有限公司,国家部委,L一级
12698065460801,中国检察出版社有限公司,国家部委,L一级
13031459370831,中国少年儿童新闻出版总社有限公司,国家部委,L一级
12865512960925,中国青年出版总社有限公司,国家部委,L一级
12489843621006,中国妇女出版社有限公司,国家部委,L一级
12609593391043,中国电影出版社有限公司,国家部委,L一级
12174340191125,中国文联出版社有限公司,国家部委,L一级
12680205621208,中国摄影出版传媒有限公司,国家部委,L一级
12609777191304,中国书法出版传媒有限责任公司,国家部委,L一级
13139139191337,书法出版社有限公司,国家部委,L一级
12845600611440,作家出版社有限公司,国家部委,L一级
12698739421527,中国科学技术出版社有限公司,国家部委,L一级
12702783161601,中国华侨出版社有限公司,国家部委,L一级
12463314251653,华夏出版社有限公司,国家部委,L一级
12791684111803,中华工商联合出版社有限责任公司,国家部委,L一级
12504027331901,团结出版社有限公司,国家部委,L一级
12684433171929,群言出版社有限公司,国家部委,L一级
12198143102015,民主与建设出版社有限责任公司,国家部委,L一级
13128172092102,开明出版社有限公司,国家部委,L一级
12708266712129,中国致公出版社有限公司,国家部委,L一级
12881320292211,学苑出版社有限公司,国家部委,L一级
12391599172247,台海出版社有限公司,国家部委,L一级
13137025422333,中国铁道出版社有限公司,国家部委,L一级
12914007173206,中国红十字报刊社,国家部委,L一级
